{
    "0": {
        "utter_diff": 0.7115191482474152,
        "pos_adj": 0.477355447141788,
        "pos_adv": 0.4752904620791016,
        "pos_intj": 0.5863793497939761,
        "pos_noun": 0.5117771647658582,
        "pos_propn": 0.62334098493594,
        "pos_verb": 0.49093934235418735,
        "pos_adp": 0.46982110927996823,
        "pos_aux": 0.49916856113989455,
        "pos_cconj": 0.6829211152833361,
        "pos_det": 0.45737777645378364,
        "pos_num": 0.8184184459516696,
        "pos_part": 0.5890712602628394,
        "pos_pron": 0.5962447519320301,
        "pos_sconj": 0.7135546146602059,
        "pos_punct": 0.775857457142651,
        "liwc_ppron": 0.535278436562103,
        "liwc_ipron": 0.45968156013250966,
        "liwc_article": 0.5072386828656116,
        "liwc_conj": 0.5310290886188009,
        "liwc_prep": 0.48245688248927426,
        "liwc_auxvb": 0.4427874916319234,
        "liwc_adverb": 0.465345283015718,
        "liwc_negate": 0.8639204502586318,
        "liwc_quant": 0.6550537006046439,
        "propn": 0.007072135785007072,
        "novel_tok": 0.7879081328797369,
        "pos_mean": 0.5845011895451486,
        "liwc_mean": 0.549199064019913
    },
    "1": {
        "utter_diff": 0.7091531726914091,
        "pos_adj": 0.4928557803134881,
        "pos_adv": 0.4769853569301984,
        "pos_intj": 0.558252547187934,
        "pos_noun": 0.5311074546334575,
        "pos_propn": 0.7281905201029836,
        "pos_verb": 0.5342901646734637,
        "pos_adp": 0.4551400382209376,
        "pos_aux": 0.5393644351713103,
        "pos_cconj": 0.6842753907021488,
        "pos_det": 0.4649505212206772,
        "pos_num": 0.766286728566348,
        "pos_part": 0.57236830594245,
        "pos_pron": 0.5941305937813678,
        "pos_sconj": 0.7371065184737775,
        "pos_punct": 0.7763239677967113,
        "liwc_ppron": 0.5344430627542658,
        "liwc_ipron": 0.47374435837839457,
        "liwc_article": 0.49681114410149696,
        "liwc_conj": 0.5560064580553281,
        "liwc_prep": 0.47911966893251695,
        "liwc_auxvb": 0.47745384265801566,
        "liwc_adverb": 0.49080015782871367,
        "liwc_negate": 0.8143643199352775,
        "liwc_quant": 0.6383472987144411,
        "propn": 0.018387553041018388,
        "novel_tok": 0.7396287463796947,
        "pos_mean": 0.5941085549144837,
        "liwc_mean": 0.5512322568176056
    },
    "2": {
        "utter_diff": 0.6839912315232396,
        "pos_adj": 0.48788411210753263,
        "pos_adv": 0.442451530941119,
        "pos_intj": 0.5549710057520015,
        "pos_noun": 0.5143802154990852,
        "pos_propn": 0.7595285795869442,
        "pos_verb": 0.4909741304194985,
        "pos_adp": 0.446928843074654,
        "pos_aux": 0.5239112358676798,
        "pos_cconj": 0.6485584004550604,
        "pos_det": 0.4555875215915658,
        "pos_num": 0.7723931254041824,
        "pos_part": 0.6054793672722473,
        "pos_pron": 0.5796220314261951,
        "pos_sconj": 0.7004010944080054,
        "pos_punct": 0.7715105525976275,
        "liwc_ppron": 0.5161730474835684,
        "liwc_ipron": 0.45185622938344133,
        "liwc_article": 0.46732712609624266,
        "liwc_conj": 0.48838082757870377,
        "liwc_prep": 0.44780391835093225,
        "liwc_auxvb": 0.443886557993871,
        "liwc_adverb": 0.4315707041142955,
        "liwc_negate": 0.8254359933744653,
        "liwc_quant": 0.6203613117959582,
        "propn": 0.011315417256011316,
        "novel_tok": 0.7873837704970228,
        "pos_mean": 0.58363878309356,
        "liwc_mean": 0.5214217462412754
    },
    "3": {
        "utter_diff": 0.7171155022332425,
        "pos_adj": 0.5233325084116591,
        "pos_adv": 0.4848426850503843,
        "pos_intj": 0.5745264239610383,
        "pos_noun": 0.5427711252463229,
        "pos_propn": 0.7793341343564254,
        "pos_verb": 0.5087996263636423,
        "pos_adp": 0.5006490793290396,
        "pos_aux": 0.5552876733695441,
        "pos_cconj": 0.639688865163553,
        "pos_det": 0.46816940484243386,
        "pos_num": 0.7521659560665228,
        "pos_part": 0.5982372708148863,
        "pos_pron": 0.60300063949817,
        "pos_sconj": 0.7305794816240561,
        "pos_punct": 0.785071665944329,
        "liwc_ppron": 0.5376308398409853,
        "liwc_ipron": 0.5029447754011829,
        "liwc_article": 0.5005564377979533,
        "liwc_conj": 0.5354636326621246,
        "liwc_prep": 0.5118395532066295,
        "liwc_auxvb": 0.5133878715975174,
        "liwc_adverb": 0.470953354649604,
        "liwc_negate": 0.776174792400325,
        "liwc_quant": 0.6208127376562059,
        "propn": 0.015558698727015558,
        "novel_tok": 0.7261583598999859,
        "pos_mean": 0.6030971026694671,
        "liwc_mean": 0.5521959994680588
    },
    "4": {
        "utter_diff": 0.6944269595847521,
        "pos_adj": 0.5107515776803236,
        "pos_adv": 0.42216614015558096,
        "pos_intj": 0.5821864354593554,
        "pos_noun": 0.5198664499353869,
        "pos_propn": 0.7860639211589034,
        "pos_verb": 0.5388538789151485,
        "pos_adp": 0.48837748641084133,
        "pos_aux": 0.5081749433578145,
        "pos_cconj": 0.6338618165841705,
        "pos_det": 0.49355632027654656,
        "pos_num": 0.7577537385450933,
        "pos_part": 0.6120216961085002,
        "pos_pron": 0.5882355789417596,
        "pos_sconj": 0.6987250605547878,
        "pos_punct": 0.7837723899900679,
        "liwc_ppron": 0.5553972376919647,
        "liwc_ipron": 0.46836009141519547,
        "liwc_article": 0.4711545609571217,
        "liwc_conj": 0.5272868687033969,
        "liwc_prep": 0.48107226498871164,
        "liwc_auxvb": 0.4601739339376292,
        "liwc_adverb": 0.4730652558221972,
        "liwc_negate": 0.8124392778776087,
        "liwc_quant": 0.5946644695741471,
        "propn": 0.01272984441301273,
        "novel_tok": 0.763902613558359,
        "pos_mean": 0.5949578289382854,
        "liwc_mean": 0.5381793289964415
    }
}