{
    "0": {
        "utter_diff": 0.4287705312698044,
        "pos_adj": 0.5924677220767303,
        "pos_adv": 0.4899712622904558,
        "pos_intj": 0.4762196438337788,
        "pos_noun": 0.7664744139570108,
        "pos_propn": 0.29374335707807964,
        "pos_verb": 0.6509098604391572,
        "pos_adp": 0.59807796666374,
        "pos_aux": 0.6516731473640213,
        "pos_cconj": 0.422466201825589,
        "pos_det": 0.7296188275967692,
        "pos_num": 0.37393780503339813,
        "pos_part": 0.3569383608554916,
        "pos_pron": 0.6335796984066544,
        "pos_sconj": 0.3670861395512114,
        "pos_punct": 0.8042147324597544,
        "liwc_ppron": 0.4279176368462165,
        "liwc_ipron": 0.5009748697000426,
        "liwc_article": 0.694697621752503,
        "liwc_conj": 0.5180577488011033,
        "liwc_prep": 0.6455892413703419,
        "liwc_auxvb": 0.5661132593938261,
        "liwc_adverb": 0.4854079660789988,
        "liwc_negate": 0.6525485267911313,
        "liwc_quant": 0.33101241803370074,
        "propn": 0.387,
        "novel_tok": 0.5377946642176865,
        "pos_mean": 0.5471586092954561,
        "liwc_mean": 0.5358132543075405
    },
    "1": {
        "utter_diff": 0.4352396273694466,
        "pos_adj": 0.3988804933452772,
        "pos_adv": 0.37997814733135965,
        "pos_intj": 0.49200502295395604,
        "pos_noun": 0.49358411752022,
        "pos_propn": 0.4656766384092048,
        "pos_verb": 0.4526649145860762,
        "pos_adp": 0.43048765992521304,
        "pos_aux": 0.4407976291790079,
        "pos_cconj": 0.42692117404199575,
        "pos_det": 0.3578420651435026,
        "pos_num": 0.6841445674342076,
        "pos_part": 0.4333571165689981,
        "pos_pron": 0.5237589179234347,
        "pos_sconj": 0.5828657763308108,
        "pos_punct": 0.7334747746834257,
        "liwc_ppron": 0.40201884213843997,
        "liwc_ipron": 0.3687086669714899,
        "liwc_article": 0.36585242399704554,
        "liwc_conj": 0.4162594049533185,
        "liwc_prep": 0.46649382504486236,
        "liwc_auxvb": 0.4456198491534891,
        "liwc_adverb": 0.4074624720841716,
        "liwc_negate": 0.7238193898930039,
        "liwc_quant": 0.47373955307684973,
        "propn": 0.113,
        "novel_tok": 0.6728017175254359,
        "pos_mean": 0.4864292676917794,
        "liwc_mean": 0.452219380812519
    },
    "2": {
        "utter_diff": 0.6934175364366875,
        "pos_adj": 0.45964403894200984,
        "pos_adv": 0.44399927168061554,
        "pos_intj": 0.5788962058280406,
        "pos_noun": 0.6929015773146474,
        "pos_propn": 0.44730443556776034,
        "pos_verb": 0.5866061038615257,
        "pos_adp": 0.5303852169069027,
        "pos_aux": 0.6741071540519897,
        "pos_cconj": 0.436597732793241,
        "pos_det": 0.6424486460848879,
        "pos_num": 0.6896111681764072,
        "pos_part": 0.440180543591799,
        "pos_pron": 0.6018627707298853,
        "pos_sconj": 0.4618923029406001,
        "pos_punct": 0.7792102022921431,
        "liwc_ppron": 0.4593752198654065,
        "liwc_ipron": 0.5198561059155828,
        "liwc_article": 0.5615836537625472,
        "liwc_conj": 0.46162225345337327,
        "liwc_prep": 0.5821800415003757,
        "liwc_auxvb": 0.5398063347160461,
        "liwc_adverb": 0.4582185226531313,
        "liwc_negate": 0.7673936570204207,
        "liwc_quant": 0.5033945167004478,
        "propn": 0.148,
        "novel_tok": 0.678582668796659,
        "pos_mean": 0.5643764913841637,
        "liwc_mean": 0.539270033954148
    },
    "3": {
        "utter_diff": 0.46549185758256995,
        "pos_adj": 0.5748089506491444,
        "pos_adv": 0.5307893602746585,
        "pos_intj": 0.35750913717629834,
        "pos_noun": 0.7280925299927171,
        "pos_propn": 0.4395040093665228,
        "pos_verb": 0.615058335119037,
        "pos_adp": 0.5863995420377206,
        "pos_aux": 0.6900189150188669,
        "pos_cconj": 0.45743844693180963,
        "pos_det": 0.6959974021753111,
        "pos_num": 0.4883959599763598,
        "pos_part": 0.3753584812517754,
        "pos_pron": 0.6514939455981416,
        "pos_sconj": 0.35059892716362784,
        "pos_punct": 0.7835237548969668,
        "liwc_ppron": 0.4498558481683644,
        "liwc_ipron": 0.5494758272357773,
        "liwc_article": 0.6387937056244403,
        "liwc_conj": 0.5145031303793789,
        "liwc_prep": 0.6297348137405061,
        "liwc_auxvb": 0.5687182791061429,
        "liwc_adverb": 0.5197631888501633,
        "liwc_negate": 0.5509940197754114,
        "liwc_quant": 0.374687901107904,
        "propn": 0.231,
        "novel_tok": 0.5504262506678647,
        "pos_mean": 0.5549991798419305,
        "liwc_mean": 0.5329474126653432
    },
    "4": {
        "utter_diff": 0.6704661438432585,
        "pos_adj": 0.48366615297240556,
        "pos_adv": 0.44178498103608116,
        "pos_intj": 0.5421123384090422,
        "pos_noun": 0.6876242065913379,
        "pos_propn": 0.5416637134848514,
        "pos_verb": 0.5677390063516107,
        "pos_adp": 0.5197985906604051,
        "pos_aux": 0.6611451349901433,
        "pos_cconj": 0.41936071422404747,
        "pos_det": 0.638387459687457,
        "pos_num": 0.7163378159410729,
        "pos_part": 0.4695806503393078,
        "pos_pron": 0.5816626075290499,
        "pos_sconj": 0.4635547929338912,
        "pos_punct": 0.7769092108844736,
        "liwc_ppron": 0.47937050834284123,
        "liwc_ipron": 0.5368018274854431,
        "liwc_article": 0.5318336128339943,
        "liwc_conj": 0.4557705073666905,
        "liwc_prep": 0.5568465887912313,
        "liwc_auxvb": 0.5326652027115937,
        "liwc_adverb": 0.48222398394254123,
        "liwc_negate": 0.7561238302002212,
        "liwc_quant": 0.4844800875424794,
        "propn": 0.261,
        "novel_tok": 0.644270015137263,
        "pos_mean": 0.5674218250690117,
        "liwc_mean": 0.5351240165796707
    }
}