{
    "0": {
        "utter_diff": 0.7119329834678907,
        "pos_adj": 0.47948893988789815,
        "pos_adv": 0.6195897750418244,
        "pos_intj": 0.5675715309991105,
        "pos_noun": 0.43873005526619613,
        "pos_propn": 0.6632002958132402,
        "pos_verb": 0.463872604131901,
        "pos_adp": 0.5016131859408125,
        "pos_aux": 0.5305574684022075,
        "pos_cconj": 0.792460120881512,
        "pos_det": 0.46440319439996314,
        "pos_num": 0.8719460048845119,
        "pos_part": 0.6096971489268753,
        "pos_pron": 0.6160760136129625,
        "pos_sconj": 0.7862011917909196,
        "pos_punct": 0.7640683957243084,
        "liwc_ppron": 0.5630262118777251,
        "liwc_ipron": 0.4999921948518772,
        "liwc_article": 0.5389088630519783,
        "liwc_conj": 0.6358715193666115,
        "liwc_prep": 0.482876547999164,
        "liwc_auxvb": 0.40598716939798485,
        "liwc_adverb": 0.5789243330679612,
        "liwc_negate": 0.8551594142343197,
        "liwc_quant": 0.7545495296846437,
        "propn": 0.005657708628005658,
        "novel_tok": 0.7476055436566648,
        "pos_mean": 0.6112983950469495,
        "liwc_mean": 0.590588420392474
    },
    "1": {
        "utter_diff": 0.7159042416954193,
        "pos_adj": 0.5380209145867472,
        "pos_adv": 0.5652578521725932,
        "pos_intj": 0.5744785473605271,
        "pos_noun": 0.4760231369295991,
        "pos_propn": 0.7717043354654707,
        "pos_verb": 0.478048514627255,
        "pos_adp": 0.4934541959473681,
        "pos_aux": 0.5217911444290835,
        "pos_cconj": 0.7373456668030317,
        "pos_det": 0.4881992920725312,
        "pos_num": 0.8275503750169573,
        "pos_part": 0.6018677518983093,
        "pos_pron": 0.6018647120904346,
        "pos_sconj": 0.799415228285442,
        "pos_punct": 0.7804528460426108,
        "liwc_ppron": 0.5285101396176096,
        "liwc_ipron": 0.5234052397640051,
        "liwc_article": 0.5383400624627057,
        "liwc_conj": 0.6230357897700162,
        "liwc_prep": 0.48672531326741325,
        "liwc_auxvb": 0.47718204495581945,
        "liwc_adverb": 0.5795250735767586,
        "liwc_negate": 0.8175208436888233,
        "liwc_quant": 0.7396060959864666,
        "propn": 0.018387553041018388,
        "novel_tok": 0.6706498592052093,
        "pos_mean": 0.6170316342485307,
        "liwc_mean": 0.5904278447877354
    },
    "2": {
        "utter_diff": 0.6878953112511597,
        "pos_adj": 0.5044951306403672,
        "pos_adv": 0.5428360430719754,
        "pos_intj": 0.5822346613886955,
        "pos_noun": 0.4505805947894714,
        "pos_propn": 0.8092538834431594,
        "pos_verb": 0.4577510742961827,
        "pos_adp": 0.45641092977482545,
        "pos_aux": 0.5287292232127122,
        "pos_cconj": 0.7225665968394055,
        "pos_det": 0.4538306241624771,
        "pos_num": 0.8290633535487485,
        "pos_part": 0.6181918210027495,
        "pos_pron": 0.609148445753078,
        "pos_sconj": 0.7680033822713672,
        "pos_punct": 0.7622379622321069,
        "liwc_ppron": 0.5228241200235336,
        "liwc_ipron": 0.4849319728351763,
        "liwc_article": 0.49386509959842106,
        "liwc_conj": 0.5739310832085568,
        "liwc_prep": 0.4351989213982627,
        "liwc_auxvb": 0.44236491530228705,
        "liwc_adverb": 0.5092626307399394,
        "liwc_negate": 0.8217678054672253,
        "liwc_quant": 0.7086144478130562,
        "propn": 0.004243281471004243,
        "novel_tok": 0.7487791238514667,
        "pos_mean": 0.6063555817618215,
        "liwc_mean": 0.5547512218207176
    },
    "3": {
        "utter_diff": 0.7157711523607603,
        "pos_adj": 0.552749341640853,
        "pos_adv": 0.514036824112463,
        "pos_intj": 0.6192170077701971,
        "pos_noun": 0.5037195011638234,
        "pos_propn": 0.8295115220147266,
        "pos_verb": 0.4957191247040183,
        "pos_adp": 0.503215734646591,
        "pos_aux": 0.5806631891955965,
        "pos_cconj": 0.7444137700535318,
        "pos_det": 0.49857210550240516,
        "pos_num": 0.8001798314012879,
        "pos_part": 0.6400692251238179,
        "pos_pron": 0.6303587924752213,
        "pos_sconj": 0.7708482347661848,
        "pos_punct": 0.7799872841813338,
        "liwc_ppron": 0.5500950061653486,
        "liwc_ipron": 0.5467069591688907,
        "liwc_article": 0.5541746534682108,
        "liwc_conj": 0.6225776890031548,
        "liwc_prep": 0.5033047556963394,
        "liwc_auxvb": 0.5142758232820888,
        "liwc_adverb": 0.5468621648183531,
        "liwc_negate": 0.7773334491066817,
        "liwc_quant": 0.7075378431335537,
        "propn": 0.009900990099009901,
        "novel_tok": 0.6494164577618001,
        "pos_mean": 0.6308840992501369,
        "liwc_mean": 0.5914298159825134
    },
    "4": {
        "utter_diff": 0.6940651324289044,
        "pos_adj": 0.5480914639500166,
        "pos_adv": 0.4930612602429575,
        "pos_intj": 0.5710877753163766,
        "pos_noun": 0.46894763014041496,
        "pos_propn": 0.8413756416879693,
        "pos_verb": 0.5072587197496805,
        "pos_adp": 0.48757375639095857,
        "pos_aux": 0.5169281822189989,
        "pos_cconj": 0.7083745533193269,
        "pos_det": 0.49300592689851835,
        "pos_num": 0.7997138021856496,
        "pos_part": 0.630497743007541,
        "pos_pron": 0.6297118114829676,
        "pos_sconj": 0.7501751969462602,
        "pos_punct": 0.7731897019188938,
        "liwc_ppron": 0.5916092565567564,
        "liwc_ipron": 0.5194027062413511,
        "liwc_article": 0.5295186726396938,
        "liwc_conj": 0.5577332748521345,
        "liwc_prep": 0.4611706490117764,
        "liwc_auxvb": 0.43669823170387856,
        "liwc_adverb": 0.4921398605514427,
        "liwc_negate": 0.7991156066872104,
        "liwc_quant": 0.677270353931882,
        "propn": 0.024045261669024046,
        "novel_tok": 0.6966215514013118,
        "pos_mean": 0.6145995443637686,
        "liwc_mean": 0.5627398457973474
    }
}