{
    "0": {
        "utter_diff": 0.6259180002008257,
        "pos_adj": 0.4951526508166612,
        "pos_adv": 0.5588776914835112,
        "pos_intj": 0.6967247103420378,
        "pos_noun": 0.43916047286213256,
        "pos_propn": 0.63604920115807,
        "pos_verb": 0.4354501214202639,
        "pos_adp": 0.508805534377856,
        "pos_aux": 0.49489405773769585,
        "pos_cconj": 0.7908515287360285,
        "pos_det": 0.48089319609709175,
        "pos_num": 0.9066984091274791,
        "pos_part": 0.48008597752433146,
        "pos_pron": 0.5871110497463129,
        "pos_sconj": 0.7620232844415373,
        "pos_punct": 0.7553311739638975,
        "liwc_ppron": 0.5364667599063578,
        "liwc_ipron": 0.5026573465307556,
        "liwc_article": 0.5550898602171986,
        "liwc_conj": 0.6460569611956432,
        "liwc_prep": 0.4613359158749383,
        "liwc_auxvb": 0.45809636648254115,
        "liwc_adverb": 0.5339039666371745,
        "liwc_negate": 0.6558172295817769,
        "liwc_quant": 0.7946932604291234,
        "propn": 0.012,
        "novel_tok": 0.7253185396764114,
        "pos_mean": 0.6018739373223272,
        "liwc_mean": 0.5715686296506122
    },
    "1": {
        "utter_diff": 0.6765174932876432,
        "pos_adj": 0.5433887687391139,
        "pos_adv": 0.5945726915304828,
        "pos_intj": 0.6846335790963449,
        "pos_noun": 0.49433670473023467,
        "pos_propn": 0.7256478679910636,
        "pos_verb": 0.4654206126880447,
        "pos_adp": 0.5596015898935179,
        "pos_aux": 0.5077944548523031,
        "pos_cconj": 0.815790249889286,
        "pos_det": 0.5228366070027537,
        "pos_num": 0.9156391976900563,
        "pos_part": 0.5273536278353675,
        "pos_pron": 0.5893842414862095,
        "pos_sconj": 0.8092762676867309,
        "pos_punct": 0.7614023935347682,
        "liwc_ppron": 0.5395689522609187,
        "liwc_ipron": 0.5298019270701372,
        "liwc_article": 0.6014259556121666,
        "liwc_conj": 0.7013382637614862,
        "liwc_prep": 0.5173457452094895,
        "liwc_auxvb": 0.5076258828591167,
        "liwc_adverb": 0.594665574966474,
        "liwc_negate": 0.6474053258465128,
        "liwc_quant": 0.8028051901415011,
        "propn": 0.032,
        "novel_tok": 0.669428635337164,
        "pos_mean": 0.6344719236430851,
        "liwc_mean": 0.6046647575253113
    },
    "2": {
        "utter_diff": 0.6133048255327839,
        "pos_adj": 0.5193995499402677,
        "pos_adv": 0.5581481781878752,
        "pos_intj": 0.6890417431462439,
        "pos_noun": 0.4255876226051124,
        "pos_propn": 0.7054769463975517,
        "pos_verb": 0.4309258636439264,
        "pos_adp": 0.48153666571517484,
        "pos_aux": 0.47691943986113783,
        "pos_cconj": 0.7753192306522146,
        "pos_det": 0.41940163261482366,
        "pos_num": 0.901751059161849,
        "pos_part": 0.47734599876834793,
        "pos_pron": 0.5501722904629753,
        "pos_sconj": 0.7751320996533576,
        "pos_punct": 0.7451263333027952,
        "liwc_ppron": 0.5075781460527269,
        "liwc_ipron": 0.49648995980739885,
        "liwc_article": 0.51488592863917,
        "liwc_conj": 0.6284214866623717,
        "liwc_prep": 0.4440399609114697,
        "liwc_auxvb": 0.46106493902576356,
        "liwc_adverb": 0.5448771067844961,
        "liwc_negate": 0.6367781557679846,
        "liwc_quant": 0.751973593714028,
        "propn": 0.011,
        "novel_tok": 0.7129192662749877,
        "pos_mean": 0.5954189769409103,
        "liwc_mean": 0.5540121419294899
    },
    "3": {
        "utter_diff": 0.6854741039785843,
        "pos_adj": 0.5698456266311688,
        "pos_adv": 0.6249019884908873,
        "pos_intj": 0.7248182212088051,
        "pos_noun": 0.5374475396689592,
        "pos_propn": 0.7669333040273656,
        "pos_verb": 0.509852742368198,
        "pos_adp": 0.5953490658635227,
        "pos_aux": 0.5291695508400481,
        "pos_cconj": 0.8163663715187498,
        "pos_det": 0.5247212471796402,
        "pos_num": 0.9167319011177718,
        "pos_part": 0.5438586235517947,
        "pos_pron": 0.6042321668087914,
        "pos_sconj": 0.7986303828054434,
        "pos_punct": 0.7688898394155932,
        "liwc_ppron": 0.5495596288365138,
        "liwc_ipron": 0.5645672227586006,
        "liwc_article": 0.6110165752262194,
        "liwc_conj": 0.7010403368088453,
        "liwc_prep": 0.540982235468424,
        "liwc_auxvb": 0.5085884816799836,
        "liwc_adverb": 0.6042555857007683,
        "liwc_negate": 0.6560313752226699,
        "liwc_quant": 0.8100464593154387,
        "propn": 0.048,
        "novel_tok": 0.6208321548009443,
        "pos_mean": 0.6554499047664492,
        "liwc_mean": 0.6162319890019403
    },
    "4": {
        "utter_diff": 0.6183006694156901,
        "pos_adj": 0.562771352646812,
        "pos_adv": 0.5657453317769016,
        "pos_intj": 0.6862433917582085,
        "pos_noun": 0.4620750717319966,
        "pos_propn": 0.7465499392981246,
        "pos_verb": 0.4836202153327997,
        "pos_adp": 0.5386837371776672,
        "pos_aux": 0.5254470458849683,
        "pos_cconj": 0.7647040703544925,
        "pos_det": 0.4918967751122397,
        "pos_num": 0.9129163042253472,
        "pos_part": 0.5359499737877299,
        "pos_pron": 0.6118193371218569,
        "pos_sconj": 0.7760596639183914,
        "pos_punct": 0.7576435781614589,
        "liwc_ppron": 0.55597535573126,
        "liwc_ipron": 0.526718332117611,
        "liwc_article": 0.5646479390696753,
        "liwc_conj": 0.6257847508279878,
        "liwc_prep": 0.4924867824076814,
        "liwc_auxvb": 0.49033691616113423,
        "liwc_adverb": 0.5496572558562821,
        "liwc_negate": 0.6233976948191324,
        "liwc_quant": 0.7735086844692374,
        "propn": 0.032,
        "novel_tok": 0.6548212558364088,
        "pos_mean": 0.6281417192192664,
        "liwc_mean": 0.5780570790511113
    }
}