{
    "0": {
        "utter_diff": 0.7311537117294871,
        "pos_adj": 0.4891314935827551,
        "pos_adv": 0.6268111719466372,
        "pos_intj": 0.588431330166082,
        "pos_noun": 0.46763087414710724,
        "pos_propn": 0.6528059635374894,
        "pos_verb": 0.5036141760313869,
        "pos_adp": 0.5285900781186142,
        "pos_aux": 0.5466945460602021,
        "pos_cconj": 0.8029317941054711,
        "pos_det": 0.4680758405710438,
        "pos_num": 0.9292897819704968,
        "pos_part": 0.6047653955169837,
        "pos_pron": 0.6272531312469132,
        "pos_sconj": 0.7887486573468595,
        "pos_punct": 0.7775933034901614,
        "liwc_ppron": 0.5819718767254282,
        "liwc_ipron": 0.49005153569301285,
        "liwc_article": 0.5271961063511827,
        "liwc_conj": 0.6527943348098237,
        "liwc_prep": 0.4886120209629567,
        "liwc_auxvb": 0.4356357132669139,
        "liwc_adverb": 0.5909165123772957,
        "liwc_negate": 0.8498797618404131,
        "liwc_quant": 0.736578390534095,
        "propn": 0.016973125884016973,
        "novel_tok": 0.7412861025418819,
        "pos_mean": 0.6268245025225471,
        "liwc_mean": 0.5948484725067913
    },
    "1": {
        "utter_diff": 0.7238286462160349,
        "pos_adj": 0.5095298132540762,
        "pos_adv": 0.5802559355611965,
        "pos_intj": 0.5943711990210966,
        "pos_noun": 0.48897415353673124,
        "pos_propn": 0.7582259492463324,
        "pos_verb": 0.4917602082466443,
        "pos_adp": 0.5090457806563073,
        "pos_aux": 0.5572953177731732,
        "pos_cconj": 0.741504318291548,
        "pos_det": 0.49640566828422483,
        "pos_num": 0.8697465951041915,
        "pos_part": 0.5961659835921224,
        "pos_pron": 0.6062126524537197,
        "pos_sconj": 0.8043567425744952,
        "pos_punct": 0.7831362204394146,
        "liwc_ppron": 0.532084154341574,
        "liwc_ipron": 0.5463067518698712,
        "liwc_article": 0.5304207419818524,
        "liwc_conj": 0.6250786152214338,
        "liwc_prep": 0.48675255963799696,
        "liwc_auxvb": 0.49450210638161757,
        "liwc_adverb": 0.5642824435203536,
        "liwc_negate": 0.8162720406229353,
        "liwc_quant": 0.7302826336974381,
        "propn": 0.015558698727015558,
        "novel_tok": 0.6540358050957524,
        "pos_mean": 0.6257991025356849,
        "liwc_mean": 0.5917757830305637
    },
    "2": {
        "utter_diff": 0.6957923638329153,
        "pos_adj": 0.5248062827987658,
        "pos_adv": 0.5384032870544876,
        "pos_intj": 0.6158201574721716,
        "pos_noun": 0.46294420037372624,
        "pos_propn": 0.8171076722443152,
        "pos_verb": 0.4655290401627338,
        "pos_adp": 0.4868998590161034,
        "pos_aux": 0.5399897376370727,
        "pos_cconj": 0.7296253229284846,
        "pos_det": 0.4668387009382825,
        "pos_num": 0.87513237169083,
        "pos_part": 0.6081184978030598,
        "pos_pron": 0.6188759624283342,
        "pos_sconj": 0.7683763163551738,
        "pos_punct": 0.7652286337456636,
        "liwc_ppron": 0.5337713760573061,
        "liwc_ipron": 0.4895450894780578,
        "liwc_article": 0.48134332273231806,
        "liwc_conj": 0.5782685134811737,
        "liwc_prep": 0.4493742655836896,
        "liwc_auxvb": 0.44474033993918555,
        "liwc_adverb": 0.5283509137822958,
        "liwc_negate": 0.8273253495546424,
        "liwc_quant": 0.7020576434016864,
        "propn": 0.011315417256011316,
        "novel_tok": 0.7411494472521449,
        "pos_mean": 0.6189130695099471,
        "liwc_mean": 0.5594196460011506
    },
    "3": {
        "utter_diff": 0.7390052300690146,
        "pos_adj": 0.521493744843372,
        "pos_adv": 0.5088415464479735,
        "pos_intj": 0.6433851920205294,
        "pos_noun": 0.5296656044626652,
        "pos_propn": 0.8410832108110451,
        "pos_verb": 0.5408631449585422,
        "pos_adp": 0.5173801572633219,
        "pos_aux": 0.5799884955275992,
        "pos_cconj": 0.7233329675919509,
        "pos_det": 0.4914273874462832,
        "pos_num": 0.8599995513118621,
        "pos_part": 0.6132846819320739,
        "pos_pron": 0.6524351827557089,
        "pos_sconj": 0.7789299295450302,
        "pos_punct": 0.7936754113170272,
        "liwc_ppron": 0.5729706850030546,
        "liwc_ipron": 0.537213538095018,
        "liwc_article": 0.5396512514937126,
        "liwc_conj": 0.6136573588174545,
        "liwc_prep": 0.5251643039418353,
        "liwc_auxvb": 0.5090635308512625,
        "liwc_adverb": 0.5373601963979716,
        "liwc_negate": 0.7875032786936806,
        "liwc_quant": 0.7065417065451919,
        "propn": 0.021216407355021217,
        "novel_tok": 0.6346266459711842,
        "pos_mean": 0.6397190805489988,
        "liwc_mean": 0.5921250944265757
    },
    "4": {
        "utter_diff": 0.7147598353654437,
        "pos_adj": 0.5259881944364821,
        "pos_adv": 0.4917482305977851,
        "pos_intj": 0.6070796679781054,
        "pos_noun": 0.4674584437393786,
        "pos_propn": 0.8353699106853988,
        "pos_verb": 0.5240541379907399,
        "pos_adp": 0.5116381113438642,
        "pos_aux": 0.5166743262743971,
        "pos_cconj": 0.7226775725746573,
        "pos_det": 0.4862387762998164,
        "pos_num": 0.8603280196098863,
        "pos_part": 0.6135118760056069,
        "pos_pron": 0.6249394324899833,
        "pos_sconj": 0.7508997446558048,
        "pos_punct": 0.7769111965060296,
        "liwc_ppron": 0.5815731347110772,
        "liwc_ipron": 0.49073772436263374,
        "liwc_article": 0.4999844233774809,
        "liwc_conj": 0.5907478145921997,
        "liwc_prep": 0.4662125063292726,
        "liwc_auxvb": 0.460624774902115,
        "liwc_adverb": 0.49989905611313107,
        "liwc_negate": 0.8050253825416132,
        "liwc_quant": 0.6738589554815583,
        "propn": 0.016973125884016973,
        "novel_tok": 0.6918533063641509,
        "pos_mean": 0.621034509412529,
        "liwc_mean": 0.5631848636012313
    }
}