{
    "0": {
        "utter_diff": 0.6307636152286645,
        "pos_adj": 0.47434053847355123,
        "pos_adv": 0.5674910934724051,
        "pos_intj": 0.7094253133289431,
        "pos_noun": 0.4367956104859367,
        "pos_propn": 0.6490411387612626,
        "pos_verb": 0.4752943321462747,
        "pos_adp": 0.5196165395136084,
        "pos_aux": 0.4913521245488767,
        "pos_cconj": 0.8060467740355378,
        "pos_det": 0.4711907490011504,
        "pos_num": 0.9162175268692404,
        "pos_part": 0.50966332726232,
        "pos_pron": 0.5826070005014776,
        "pos_sconj": 0.7576918324698317,
        "pos_punct": 0.743527391913114,
        "liwc_ppron": 0.5362711681525253,
        "liwc_ipron": 0.4867605563158741,
        "liwc_article": 0.551009963950297,
        "liwc_conj": 0.6614894340217952,
        "liwc_prep": 0.46347883362315667,
        "liwc_auxvb": 0.46180548915349917,
        "liwc_adverb": 0.5418616494411966,
        "liwc_negate": 0.7079756640368906,
        "liwc_quant": 0.790209421694635,
        "propn": 0.017,
        "novel_tok": 0.7245862863111383,
        "pos_mean": 0.607353419518902,
        "liwc_mean": 0.5778735755988743
    },
    "1": {
        "utter_diff": 0.6737287726031456,
        "pos_adj": 0.5504833733116933,
        "pos_adv": 0.6311836200153604,
        "pos_intj": 0.7290451267165328,
        "pos_noun": 0.504830936302904,
        "pos_propn": 0.725121456204264,
        "pos_verb": 0.5146089433615012,
        "pos_adp": 0.5824388233722038,
        "pos_aux": 0.5344833223743168,
        "pos_cconj": 0.8335996276470922,
        "pos_det": 0.5341459827575975,
        "pos_num": 0.9261944771926455,
        "pos_part": 0.5441668741043112,
        "pos_pron": 0.6047517822949671,
        "pos_sconj": 0.8198384906561169,
        "pos_punct": 0.757324015970463,
        "liwc_ppron": 0.5599856066819171,
        "liwc_ipron": 0.5479893799288363,
        "liwc_article": 0.6085653850776507,
        "liwc_conj": 0.7104816506277815,
        "liwc_prep": 0.5431926968009209,
        "liwc_auxvb": 0.5139975013740784,
        "liwc_adverb": 0.6306644984477836,
        "liwc_negate": 0.7195811000519619,
        "liwc_quant": 0.8199583543702273,
        "propn": 0.03,
        "novel_tok": 0.6148397194125879,
        "pos_mean": 0.6528144568187979,
        "liwc_mean": 0.6282684637067953
    },
    "2": {
        "utter_diff": 0.6387155878421806,
        "pos_adj": 0.5157277200198811,
        "pos_adv": 0.581788071009518,
        "pos_intj": 0.6940996522715499,
        "pos_noun": 0.45415360920162856,
        "pos_propn": 0.7137517806857928,
        "pos_verb": 0.48598866310733135,
        "pos_adp": 0.5000062088620638,
        "pos_aux": 0.5092558429639216,
        "pos_cconj": 0.7889048522716318,
        "pos_det": 0.44267136025038534,
        "pos_num": 0.9026201962487829,
        "pos_part": 0.49521325795274573,
        "pos_pron": 0.5602546055946807,
        "pos_sconj": 0.7682509162195957,
        "pos_punct": 0.7465300975968138,
        "liwc_ppron": 0.5329548261468633,
        "liwc_ipron": 0.49280810790326424,
        "liwc_article": 0.537667080022962,
        "liwc_conj": 0.6438654690332408,
        "liwc_prep": 0.47632899457565436,
        "liwc_auxvb": 0.4744908683276592,
        "liwc_adverb": 0.5353489703226012,
        "liwc_negate": 0.6776143765308604,
        "liwc_quant": 0.7600619051562082,
        "propn": 0.022,
        "novel_tok": 0.707497421720817,
        "pos_mean": 0.6106144556170883,
        "liwc_mean": 0.570126733113257
    },
    "3": {
        "utter_diff": 0.6984360729564209,
        "pos_adj": 0.5667180659007088,
        "pos_adv": 0.6255029046533039,
        "pos_intj": 0.7588058182779832,
        "pos_noun": 0.5492339964835491,
        "pos_propn": 0.7653555460668774,
        "pos_verb": 0.5498615597937012,
        "pos_adp": 0.595919036882614,
        "pos_aux": 0.5604939018780717,
        "pos_cconj": 0.8194003890908322,
        "pos_det": 0.5617034288021185,
        "pos_num": 0.928609450542263,
        "pos_part": 0.5621597113977728,
        "pos_pron": 0.6275365310387275,
        "pos_sconj": 0.8099854845800851,
        "pos_punct": 0.7701799522040463,
        "liwc_ppron": 0.5753325316977639,
        "liwc_ipron": 0.5941738571982975,
        "liwc_article": 0.6291553477503115,
        "liwc_conj": 0.7085166597786273,
        "liwc_prep": 0.5674686757384895,
        "liwc_auxvb": 0.5584512700745825,
        "liwc_adverb": 0.6158227901961468,
        "liwc_negate": 0.7131589259484953,
        "liwc_quant": 0.8133664632264942,
        "propn": 0.053,
        "novel_tok": 0.5614609129856617,
        "pos_mean": 0.670097718506177,
        "liwc_mean": 0.641716280178801
    },
    "4": {
        "utter_diff": 0.6305314533551387,
        "pos_adj": 0.5664454689222412,
        "pos_adv": 0.573095173419945,
        "pos_intj": 0.7089663332787917,
        "pos_noun": 0.45289804517155086,
        "pos_propn": 0.730806501462061,
        "pos_verb": 0.4855939305044011,
        "pos_adp": 0.5285387830757782,
        "pos_aux": 0.5134209951347158,
        "pos_cconj": 0.7840787868645334,
        "pos_det": 0.4967102199210714,
        "pos_num": 0.9082592795815315,
        "pos_part": 0.5167543699868791,
        "pos_pron": 0.5936210528965614,
        "pos_sconj": 0.7519622438746761,
        "pos_punct": 0.749979442220243,
        "liwc_ppron": 0.541194747301812,
        "liwc_ipron": 0.4940955980757971,
        "liwc_article": 0.5663421425828263,
        "liwc_conj": 0.6334140444376449,
        "liwc_prep": 0.5089995879462067,
        "liwc_auxvb": 0.4913904861373333,
        "liwc_adverb": 0.5803727397310898,
        "liwc_negate": 0.6837593164955799,
        "liwc_quant": 0.7845375978877127,
        "propn": 0.048,
        "novel_tok": 0.6650352177193312,
        "pos_mean": 0.6240753750876654,
        "liwc_mean": 0.5871229178440003
    }
}