{
    "0": {
        "utter_diff": 0.6145222852024974,
        "pos_adj": 0.5111913581259544,
        "pos_adv": 0.4913456933219907,
        "pos_intj": 0.652945914629141,
        "pos_noun": 0.4567603501862216,
        "pos_propn": 0.5853101053577909,
        "pos_verb": 0.4733493632697644,
        "pos_adp": 0.4750451239451879,
        "pos_aux": 0.458603103246198,
        "pos_cconj": 0.7119306068828983,
        "pos_det": 0.4729233378172488,
        "pos_num": 0.8712918520109236,
        "pos_part": 0.5408235004738905,
        "pos_pron": 0.5338338180254171,
        "pos_sconj": 0.6921724783461259,
        "pos_punct": 0.7414430550224489,
        "liwc_ppron": 0.4876310208029407,
        "liwc_ipron": 0.47759112721940705,
        "liwc_article": 0.5408172619293061,
        "liwc_conj": 0.5556432604929012,
        "liwc_prep": 0.45852962193436597,
        "liwc_auxvb": 0.4273622506513278,
        "liwc_adverb": 0.48847631342619646,
        "liwc_negate": 0.7668299665343036,
        "liwc_quant": 0.7048536272807411,
        "propn": 0.019,
        "novel_tok": 0.7772660162998948,
        "pos_mean": 0.5779313107107468,
        "liwc_mean": 0.5453038278079433
    },
    "1": {
        "utter_diff": 0.6324773935591435,
        "pos_adj": 0.5499410696758378,
        "pos_adv": 0.5360543276610642,
        "pos_intj": 0.6503063185428912,
        "pos_noun": 0.48115098152971947,
        "pos_propn": 0.6253242017067789,
        "pos_verb": 0.5021967616833802,
        "pos_adp": 0.5020781671368721,
        "pos_aux": 0.4689215013305235,
        "pos_cconj": 0.7295107662991389,
        "pos_det": 0.5044596201227535,
        "pos_num": 0.8813474218347673,
        "pos_part": 0.5677098165270417,
        "pos_pron": 0.540158660541008,
        "pos_sconj": 0.7359914205009849,
        "pos_punct": 0.7502370744849942,
        "liwc_ppron": 0.5014756580828204,
        "liwc_ipron": 0.5026070521252262,
        "liwc_article": 0.5826821535631826,
        "liwc_conj": 0.6015006069209404,
        "liwc_prep": 0.48420214305731085,
        "liwc_auxvb": 0.43923420464685037,
        "liwc_adverb": 0.5350288403312257,
        "liwc_negate": 0.7619013966778798,
        "liwc_quant": 0.731463449181734,
        "propn": 0.032,
        "novel_tok": 0.7467327730195003,
        "pos_mean": 0.6016925406385172,
        "liwc_mean": 0.5711217227319078
    },
    "2": {
        "utter_diff": 0.5904143866525171,
        "pos_adj": 0.512955644037187,
        "pos_adv": 0.4855602134789364,
        "pos_intj": 0.6619191745266437,
        "pos_noun": 0.44463073905367834,
        "pos_propn": 0.607519706845222,
        "pos_verb": 0.44927486873591443,
        "pos_adp": 0.44009214910560673,
        "pos_aux": 0.44693079022025006,
        "pos_cconj": 0.711532274893503,
        "pos_det": 0.4364699145702275,
        "pos_num": 0.8693257961541441,
        "pos_part": 0.5192903805054434,
        "pos_pron": 0.5256572811802622,
        "pos_sconj": 0.7005052816245896,
        "pos_punct": 0.7325645824918983,
        "liwc_ppron": 0.4824800723681624,
        "liwc_ipron": 0.4470894552651451,
        "liwc_article": 0.5017093999708485,
        "liwc_conj": 0.5411181599682764,
        "liwc_prep": 0.42998421729052116,
        "liwc_auxvb": 0.4185813592241805,
        "liwc_adverb": 0.48323357650647875,
        "liwc_negate": 0.7342530895470086,
        "liwc_quant": 0.6846290089854575,
        "propn": 0.015,
        "novel_tok": 0.779424961125766,
        "pos_mean": 0.5696152531615671,
        "liwc_mean": 0.5247864821251199
    },
    "3": {
        "utter_diff": 0.6334944201625095,
        "pos_adj": 0.5437822744745069,
        "pos_adv": 0.5310218558073244,
        "pos_intj": 0.6568618422444104,
        "pos_noun": 0.4900963713578995,
        "pos_propn": 0.6473559711357445,
        "pos_verb": 0.4826505759936539,
        "pos_adp": 0.5016529992241097,
        "pos_aux": 0.45459806775340417,
        "pos_cconj": 0.7257266135445088,
        "pos_det": 0.4808783969526729,
        "pos_num": 0.8842980948616009,
        "pos_part": 0.55801960970775,
        "pos_pron": 0.5483927527716642,
        "pos_sconj": 0.7247001954398897,
        "pos_punct": 0.748042445121958,
        "liwc_ppron": 0.5073069291514556,
        "liwc_ipron": 0.47037828209860677,
        "liwc_article": 0.5511608762053861,
        "liwc_conj": 0.5834252226836707,
        "liwc_prep": 0.4759448304061395,
        "liwc_auxvb": 0.4709492234727533,
        "liwc_adverb": 0.5200287759790183,
        "liwc_negate": 0.7365867321435741,
        "liwc_quant": 0.7275949830971281,
        "propn": 0.036,
        "novel_tok": 0.7276856623349138,
        "pos_mean": 0.5985385377594066,
        "liwc_mean": 0.5603750950264147
    },
    "4": {
        "utter_diff": 0.5872902484018839,
        "pos_adj": 0.540200180519957,
        "pos_adv": 0.49426292986921716,
        "pos_intj": 0.6483832455672677,
        "pos_noun": 0.4504198603688222,
        "pos_propn": 0.6297697776730242,
        "pos_verb": 0.4537756911864973,
        "pos_adp": 0.4427660777650511,
        "pos_aux": 0.4950055123753984,
        "pos_cconj": 0.6820953366233035,
        "pos_det": 0.45397949299465185,
        "pos_num": 0.8717669346631856,
        "pos_part": 0.5357914899493622,
        "pos_pron": 0.5307376478322144,
        "pos_sconj": 0.6966728401230156,
        "pos_punct": 0.7425939759355266,
        "liwc_ppron": 0.4787458357455186,
        "liwc_ipron": 0.46548690180853897,
        "liwc_article": 0.5216701637878344,
        "liwc_conj": 0.5369577282853168,
        "liwc_prep": 0.4243271573198421,
        "liwc_auxvb": 0.47082986640958086,
        "liwc_adverb": 0.48858884629865834,
        "liwc_negate": 0.7374486820145827,
        "liwc_quant": 0.6896067121356879,
        "propn": 0.026,
        "novel_tok": 0.7595058004932574,
        "pos_mean": 0.5778813995630998,
        "liwc_mean": 0.5348513215339511
    }
}