{
    "0": {
        "utter_diff": 0.6123351199455419,
        "pos_adj": 0.510336073282207,
        "pos_adv": 0.5685893303736577,
        "pos_intj": 0.6819608469008538,
        "pos_noun": 0.4405073440153966,
        "pos_propn": 0.6436108492511452,
        "pos_verb": 0.42326294678149484,
        "pos_adp": 0.5285967934461662,
        "pos_aux": 0.4842063645970336,
        "pos_cconj": 0.7829202418226661,
        "pos_det": 0.4933856552594457,
        "pos_num": 0.9116981530819733,
        "pos_part": 0.4910026115461713,
        "pos_pron": 0.5804556302732258,
        "pos_sconj": 0.7689318150606098,
        "pos_punct": 0.7519656702434073,
        "liwc_ppron": 0.5213776276646487,
        "liwc_ipron": 0.4927915012966676,
        "liwc_article": 0.5725970578284704,
        "liwc_conj": 0.6396939634251982,
        "liwc_prep": 0.4647712497656825,
        "liwc_auxvb": 0.4340783073817892,
        "liwc_adverb": 0.552314153628532,
        "liwc_negate": 0.6763705255830609,
        "liwc_quant": 0.773808297490783,
        "propn": 0.012,
        "novel_tok": 0.7219924697572903,
        "pos_mean": 0.6040953550623637,
        "liwc_mean": 0.5697558537849814
    },
    "1": {
        "utter_diff": 0.6688498750007842,
        "pos_adj": 0.5563533321871929,
        "pos_adv": 0.6069137059628082,
        "pos_intj": 0.689402291279933,
        "pos_noun": 0.5353596029089872,
        "pos_propn": 0.7362139893823858,
        "pos_verb": 0.4875395828148107,
        "pos_adp": 0.5711550832861705,
        "pos_aux": 0.5033419931528075,
        "pos_cconj": 0.8074361945326175,
        "pos_det": 0.5276283696072898,
        "pos_num": 0.9221424445997688,
        "pos_part": 0.5331946238841259,
        "pos_pron": 0.6020999035991577,
        "pos_sconj": 0.8160318475312625,
        "pos_punct": 0.7643436414409124,
        "liwc_ppron": 0.552876842397554,
        "liwc_ipron": 0.5232614429713769,
        "liwc_article": 0.6173676644903906,
        "liwc_conj": 0.6905309572634436,
        "liwc_prep": 0.5223359286227558,
        "liwc_auxvb": 0.5091974126929828,
        "liwc_adverb": 0.6241149934167611,
        "liwc_negate": 0.6599625816207983,
        "liwc_quant": 0.7968795829722063,
        "propn": 0.035,
        "novel_tok": 0.6604682750602294,
        "pos_mean": 0.643943773744682,
        "liwc_mean": 0.610725267383141
    },
    "2": {
        "utter_diff": 0.6047376430097875,
        "pos_adj": 0.517806390774124,
        "pos_adv": 0.5497822217853485,
        "pos_intj": 0.6826887124964313,
        "pos_noun": 0.4368046141070796,
        "pos_propn": 0.7103402320152719,
        "pos_verb": 0.4493256063674518,
        "pos_adp": 0.47905569635860623,
        "pos_aux": 0.4735033320200108,
        "pos_cconj": 0.7638511620785348,
        "pos_det": 0.4550724008202463,
        "pos_num": 0.9066699358763212,
        "pos_part": 0.49465109534216867,
        "pos_pron": 0.5520204359889948,
        "pos_sconj": 0.772286879762689,
        "pos_punct": 0.7443339239101131,
        "liwc_ppron": 0.5165588821916877,
        "liwc_ipron": 0.5121262271290722,
        "liwc_article": 0.5161242396861152,
        "liwc_conj": 0.6345579221727164,
        "liwc_prep": 0.44575344118619414,
        "liwc_auxvb": 0.43358882082802463,
        "liwc_adverb": 0.5389757387768607,
        "liwc_negate": 0.6606089760131241,
        "liwc_quant": 0.7519175053157139,
        "propn": 0.014,
        "novel_tok": 0.7095952444250401,
        "pos_mean": 0.5992128426468929,
        "liwc_mean": 0.5566901948110566
    },
    "3": {
        "utter_diff": 0.682715232367058,
        "pos_adj": 0.5853528797955808,
        "pos_adv": 0.6108715476847111,
        "pos_intj": 0.7097641380590576,
        "pos_noun": 0.541029222718099,
        "pos_propn": 0.7514364878983307,
        "pos_verb": 0.5156116129012199,
        "pos_adp": 0.5826003439516303,
        "pos_aux": 0.539531030836709,
        "pos_cconj": 0.7933545732267929,
        "pos_det": 0.5426302839469876,
        "pos_num": 0.9236512992444079,
        "pos_part": 0.5421607654054718,
        "pos_pron": 0.5965544597604778,
        "pos_sconj": 0.8058097785684766,
        "pos_punct": 0.7770894812395148,
        "liwc_ppron": 0.543130691764243,
        "liwc_ipron": 0.5785815678398177,
        "liwc_article": 0.6156795679282268,
        "liwc_conj": 0.6844545568740094,
        "liwc_prep": 0.54060599735106,
        "liwc_auxvb": 0.5194766208418609,
        "liwc_adverb": 0.6129056785189847,
        "liwc_negate": 0.6650708959731604,
        "liwc_quant": 0.8036913260104097,
        "propn": 0.046,
        "novel_tok": 0.607573190903009,
        "pos_mean": 0.6544965270158313,
        "liwc_mean": 0.6181774336779747
    },
    "4": {
        "utter_diff": 0.6058883077874336,
        "pos_adj": 0.5642239619828022,
        "pos_adv": 0.5738252972275911,
        "pos_intj": 0.6698035199115898,
        "pos_noun": 0.4422901359060611,
        "pos_propn": 0.7383056254433843,
        "pos_verb": 0.48198252665331687,
        "pos_adp": 0.5482948041984612,
        "pos_aux": 0.49333337480895684,
        "pos_cconj": 0.7517092780308087,
        "pos_det": 0.479457857030335,
        "pos_num": 0.9069839069011316,
        "pos_part": 0.5317418974150391,
        "pos_pron": 0.5916368399025772,
        "pos_sconj": 0.7679447201999062,
        "pos_punct": 0.7558560475579005,
        "liwc_ppron": 0.5390758302646729,
        "liwc_ipron": 0.5093319873883431,
        "liwc_article": 0.5435382037505523,
        "liwc_conj": 0.6093963934933171,
        "liwc_prep": 0.5124574065227274,
        "liwc_auxvb": 0.4817981951627364,
        "liwc_adverb": 0.5640352173577464,
        "liwc_negate": 0.6555634619282903,
        "liwc_quant": 0.7757454253249804,
        "propn": 0.04,
        "novel_tok": 0.6671813582493823,
        "pos_mean": 0.6198259862113241,
        "liwc_mean": 0.5767713467992629
    }
}