{
    "0": {
        "utter_diff": 0.6074113733884482,
        "pos_adj": 0.41425445463905464,
        "pos_adv": 0.4443865427435415,
        "pos_intj": 0.6741352497004567,
        "pos_noun": 0.4439730777224201,
        "pos_propn": 0.629865126687421,
        "pos_verb": 0.4903437435591733,
        "pos_adp": 0.4516894545246151,
        "pos_aux": 0.4462177544863,
        "pos_cconj": 0.6354830148985292,
        "pos_det": 0.4225564863415109,
        "pos_num": 0.8858965871873233,
        "pos_part": 0.5000409186627193,
        "pos_pron": 0.563991514429035,
        "pos_sconj": 0.7330805377862568,
        "pos_punct": 0.7690228482212208,
        "liwc_ppron": 0.4695936453980247,
        "liwc_ipron": 0.4437557539820608,
        "liwc_article": 0.42117527783191255,
        "liwc_conj": 0.5288582323159671,
        "liwc_prep": 0.4084645238944591,
        "liwc_auxvb": 0.3771256518771536,
        "liwc_adverb": 0.44372908873187444,
        "liwc_negate": 0.7783628328105242,
        "liwc_quant": 0.6986296413160521,
        "propn": 0.02,
        "novel_tok": 0.7533088958290344,
        "pos_mean": 0.5669958207726385,
        "liwc_mean": 0.5077438497953365
    },
    "1": {
        "utter_diff": 0.6167963921332903,
        "pos_adj": 0.410732062265553,
        "pos_adv": 0.4557281800754762,
        "pos_intj": 0.6305889149382021,
        "pos_noun": 0.4512966913247327,
        "pos_propn": 0.6797608608819905,
        "pos_verb": 0.4693469866099431,
        "pos_adp": 0.43601809495422766,
        "pos_aux": 0.4819090694093714,
        "pos_cconj": 0.6439870362087142,
        "pos_det": 0.40338209629720767,
        "pos_num": 0.8892080972599747,
        "pos_part": 0.4886576086098139,
        "pos_pron": 0.5411718048834914,
        "pos_sconj": 0.7798663398824812,
        "pos_punct": 0.7701100727463925,
        "liwc_ppron": 0.45284481994626347,
        "liwc_ipron": 0.41677623283095605,
        "liwc_article": 0.40916982300037746,
        "liwc_conj": 0.5398657948856074,
        "liwc_prep": 0.41837347400877967,
        "liwc_auxvb": 0.4555266819802743,
        "liwc_adverb": 0.4582311932496274,
        "liwc_negate": 0.7495905670222768,
        "liwc_quant": 0.710693411482998,
        "propn": 0.026,
        "novel_tok": 0.7406116551823616,
        "pos_mean": 0.5687842610898382,
        "liwc_mean": 0.5123413331563511
    },
    "2": {
        "utter_diff": 0.6009020348370935,
        "pos_adj": 0.40059543748194143,
        "pos_adv": 0.4265778025595271,
        "pos_intj": 0.6554818596702118,
        "pos_noun": 0.44285892702761187,
        "pos_propn": 0.6861723282053059,
        "pos_verb": 0.47347540616451617,
        "pos_adp": 0.4361656219879409,
        "pos_aux": 0.44036112389180615,
        "pos_cconj": 0.6364619117407585,
        "pos_det": 0.39322775414507777,
        "pos_num": 0.8781115419931187,
        "pos_part": 0.4988099083491736,
        "pos_pron": 0.5443742742797347,
        "pos_sconj": 0.7484027192290041,
        "pos_punct": 0.7603087132260127,
        "liwc_ppron": 0.4589098677735665,
        "liwc_ipron": 0.4198041179715425,
        "liwc_article": 0.3811929653350718,
        "liwc_conj": 0.5144345318638375,
        "liwc_prep": 0.42049608131773003,
        "liwc_auxvb": 0.39827245845677844,
        "liwc_adverb": 0.4356679634152452,
        "liwc_negate": 0.7324547517505778,
        "liwc_quant": 0.6747266402182831,
        "propn": 0.025,
        "novel_tok": 0.7503147700141702,
        "pos_mean": 0.5614256886634493,
        "liwc_mean": 0.492884375344737
    },
    "3": {
        "utter_diff": 0.6303285394045958,
        "pos_adj": 0.42973950580275666,
        "pos_adv": 0.42211153939951196,
        "pos_intj": 0.6472010277075048,
        "pos_noun": 0.4796601060255043,
        "pos_propn": 0.7150870198562527,
        "pos_verb": 0.49958230390459146,
        "pos_adp": 0.48135030106356747,
        "pos_aux": 0.48752191340515993,
        "pos_cconj": 0.6429485987415715,
        "pos_det": 0.45497028806857026,
        "pos_num": 0.8831036794843353,
        "pos_part": 0.5204885982345522,
        "pos_pron": 0.5561354382277499,
        "pos_sconj": 0.7638714709063813,
        "pos_punct": 0.763630478530618,
        "liwc_ppron": 0.4646478360651752,
        "liwc_ipron": 0.4514695125715544,
        "liwc_article": 0.45415492789064066,
        "liwc_conj": 0.5485135821224872,
        "liwc_prep": 0.4682098697095455,
        "liwc_auxvb": 0.44580974766261716,
        "liwc_adverb": 0.4390995996402847,
        "liwc_negate": 0.7247780582426152,
        "liwc_quant": 0.6963288199009289,
        "propn": 0.025,
        "novel_tok": 0.7301781037293824,
        "pos_mean": 0.5831601512905752,
        "liwc_mean": 0.5214457726450944
    },
    "4": {
        "utter_diff": 0.5854717159721015,
        "pos_adj": 0.41510297137189817,
        "pos_adv": 0.4121567004416066,
        "pos_intj": 0.6707796169145582,
        "pos_noun": 0.4604245154409775,
        "pos_propn": 0.7240041707984596,
        "pos_verb": 0.5036371996695174,
        "pos_adp": 0.44302214509851434,
        "pos_aux": 0.4458763207747056,
        "pos_cconj": 0.5935371831781908,
        "pos_det": 0.4332415924504093,
        "pos_num": 0.8864578085768645,
        "pos_part": 0.5235783396654553,
        "pos_pron": 0.5616851468826624,
        "pos_sconj": 0.7263885309574731,
        "pos_punct": 0.7614097724833001,
        "liwc_ppron": 0.47596310441876544,
        "liwc_ipron": 0.40726470501604534,
        "liwc_article": 0.43925454826924715,
        "liwc_conj": 0.4860014333020178,
        "liwc_prep": 0.41473429348335095,
        "liwc_auxvb": 0.42797021947549224,
        "liwc_adverb": 0.41862262350289253,
        "liwc_negate": 0.731842250941077,
        "liwc_quant": 0.6883416939727017,
        "propn": 0.063,
        "novel_tok": 0.7339026065387388,
        "pos_mean": 0.5707534676469729,
        "liwc_mean": 0.49888831915351006
    }
}