{
    "0": {
        "utter_diff": 0.5454367625077027,
        "pos_adj": 0.37072047101230843,
        "pos_adv": 0.3751808627509611,
        "pos_intj": 0.5421985109643627,
        "pos_noun": 0.42962893550084696,
        "pos_propn": 0.5934619971590533,
        "pos_verb": 0.49533739902606577,
        "pos_adp": 0.3953484568046916,
        "pos_aux": 0.4859145824218292,
        "pos_cconj": 0.5307503158895174,
        "pos_det": 0.39344294376579203,
        "pos_num": 0.8608893585958526,
        "pos_part": 0.4099019865809831,
        "pos_pron": 0.5840157995646297,
        "pos_sconj": 0.6782559039613344,
        "pos_punct": 0.7800538838585042,
        "liwc_ppron": 0.4928386052089192,
        "liwc_ipron": 0.36447537154418563,
        "liwc_article": 0.38740518699927584,
        "liwc_conj": 0.43873180866739087,
        "liwc_prep": 0.4063393617761049,
        "liwc_auxvb": 0.3750725616215791,
        "liwc_adverb": 0.3986271853941716,
        "liwc_negate": 0.7304070293443429,
        "liwc_quant": 0.6013803259244195,
        "propn": 0.061,
        "novel_tok": 0.7380805308871616,
        "pos_mean": 0.5283400938571154,
        "liwc_mean": 0.46614193738670995
    },
    "1": {
        "utter_diff": 0.5320564825371091,
        "pos_adj": 0.356498948466964,
        "pos_adv": 0.3724618652148899,
        "pos_intj": 0.5317925522547309,
        "pos_noun": 0.42587567515612007,
        "pos_propn": 0.6310653614047371,
        "pos_verb": 0.48282507857898843,
        "pos_adp": 0.35955770011268223,
        "pos_aux": 0.466043247719498,
        "pos_cconj": 0.5144577973251698,
        "pos_det": 0.3838435326823396,
        "pos_num": 0.8699421433548119,
        "pos_part": 0.4338702804551443,
        "pos_pron": 0.5690855084375791,
        "pos_sconj": 0.7018757761355562,
        "pos_punct": 0.7770456568924122,
        "liwc_ppron": 0.4673579476478302,
        "liwc_ipron": 0.3536635896599817,
        "liwc_article": 0.3974084859288478,
        "liwc_conj": 0.4348542437569385,
        "liwc_prep": 0.37208092559135014,
        "liwc_auxvb": 0.3801048377095291,
        "liwc_adverb": 0.37726104584294073,
        "liwc_negate": 0.718322410938162,
        "liwc_quant": 0.601854997125997,
        "propn": 0.054,
        "novel_tok": 0.731450257951147,
        "pos_mean": 0.5250827416127748,
        "liwc_mean": 0.45587872046684186
    },
    "2": {
        "utter_diff": 0.5500751524215689,
        "pos_adj": 0.3432758858230301,
        "pos_adv": 0.37564056308237037,
        "pos_intj": 0.531865494549891,
        "pos_noun": 0.44041313250706743,
        "pos_propn": 0.6054479517494445,
        "pos_verb": 0.48154711043477433,
        "pos_adp": 0.4030663656526746,
        "pos_aux": 0.4886540662189616,
        "pos_cconj": 0.49646543521693765,
        "pos_det": 0.4043751008989856,
        "pos_num": 0.8624493838193373,
        "pos_part": 0.42531380725401824,
        "pos_pron": 0.5723089387211785,
        "pos_sconj": 0.6759449410223852,
        "pos_punct": 0.7744940447068376,
        "liwc_ppron": 0.4728094814484287,
        "liwc_ipron": 0.3764248347782625,
        "liwc_article": 0.38303907572343276,
        "liwc_conj": 0.41579316423657303,
        "liwc_prep": 0.40280592611600813,
        "liwc_auxvb": 0.41430989014008246,
        "liwc_adverb": 0.39529777282794054,
        "liwc_negate": 0.6949745728285519,
        "liwc_quant": 0.5999816305877259,
        "propn": 0.043,
        "novel_tok": 0.736608746858699,
        "pos_mean": 0.5254174814438597,
        "liwc_mean": 0.46171514985411183
    },
    "3": {
        "utter_diff": 0.5437655919716142,
        "pos_adj": 0.367749814499299,
        "pos_adv": 0.39333712647708274,
        "pos_intj": 0.5342873018322775,
        "pos_noun": 0.45655480370220847,
        "pos_propn": 0.6735496869657361,
        "pos_verb": 0.4817403130241592,
        "pos_adp": 0.38318061395448455,
        "pos_aux": 0.4773111034163089,
        "pos_cconj": 0.5273371998566352,
        "pos_det": 0.4078059858465736,
        "pos_num": 0.8696484992921739,
        "pos_part": 0.4043055547528034,
        "pos_pron": 0.5663858851500572,
        "pos_sconj": 0.7001108582066009,
        "pos_punct": 0.7803044725896505,
        "liwc_ppron": 0.4662800298272301,
        "liwc_ipron": 0.3909380715634798,
        "liwc_article": 0.41072425990175865,
        "liwc_conj": 0.431678380153076,
        "liwc_prep": 0.4031994675229506,
        "liwc_auxvb": 0.39323952705192555,
        "liwc_adverb": 0.38402842378648233,
        "liwc_negate": 0.6928270858776875,
        "liwc_quant": 0.6247443763805304,
        "propn": 0.078,
        "novel_tok": 0.7226306633690762,
        "pos_mean": 0.5349072813044035,
        "liwc_mean": 0.46640662467390226
    },
    "4": {
        "utter_diff": 0.5418414876564801,
        "pos_adj": 0.38672666388849236,
        "pos_adv": 0.38922797533995157,
        "pos_intj": 0.5451457564167831,
        "pos_noun": 0.4374426648722124,
        "pos_propn": 0.6464583417253228,
        "pos_verb": 0.5001130700958977,
        "pos_adp": 0.37700220875058027,
        "pos_aux": 0.46707735965590313,
        "pos_cconj": 0.5257144713323294,
        "pos_det": 0.4340454636496434,
        "pos_num": 0.8710418506251539,
        "pos_part": 0.4142343758244735,
        "pos_pron": 0.5756817152755183,
        "pos_sconj": 0.6595908357652951,
        "pos_punct": 0.7671421578263237,
        "liwc_ppron": 0.47725970255616945,
        "liwc_ipron": 0.36733840281631724,
        "liwc_article": 0.40562926646780334,
        "liwc_conj": 0.43478221172466275,
        "liwc_prep": 0.38934374351768974,
        "liwc_auxvb": 0.37497623450534695,
        "liwc_adverb": 0.4078421431132004,
        "liwc_negate": 0.693740980730969,
        "liwc_quant": 0.6296432704319097,
        "propn": 0.104,
        "novel_tok": 0.7219955849395118,
        "pos_mean": 0.5331096607362587,
        "liwc_mean": 0.4645062173182299
    }
}