{
    "0": {
        "utter_diff": 0.7174725834270398,
        "pos_adj": 0.48415266666829715,
        "pos_adv": 0.6032705383065038,
        "pos_intj": 0.579371773571237,
        "pos_noun": 0.44632711360587296,
        "pos_propn": 0.6553863602986517,
        "pos_verb": 0.4610429528006273,
        "pos_adp": 0.5026532749245907,
        "pos_aux": 0.546352035084343,
        "pos_cconj": 0.7965539044674788,
        "pos_det": 0.4935217084860174,
        "pos_num": 0.8832596797188376,
        "pos_part": 0.5950978011629887,
        "pos_pron": 0.6205031387660301,
        "pos_sconj": 0.7839798634823496,
        "pos_punct": 0.7596708294673268,
        "liwc_ppron": 0.5650872544387264,
        "liwc_ipron": 0.5161099329107534,
        "liwc_article": 0.5562462819877811,
        "liwc_conj": 0.6546442810794835,
        "liwc_prep": 0.47414532827970113,
        "liwc_auxvb": 0.43948802806248416,
        "liwc_adverb": 0.5823252505588561,
        "liwc_negate": 0.8543343238525951,
        "liwc_quant": 0.7760888782611928,
        "propn": 0.004243281471004243,
        "novel_tok": 0.7475702589183468,
        "pos_mean": 0.6140762427207435,
        "liwc_mean": 0.6020521732701748
    },
    "1": {
        "utter_diff": 0.711680656878145,
        "pos_adj": 0.5123380998931271,
        "pos_adv": 0.5771872081994396,
        "pos_intj": 0.5674384939737295,
        "pos_noun": 0.49164418369627605,
        "pos_propn": 0.7631425833797415,
        "pos_verb": 0.48932659033578546,
        "pos_adp": 0.5062749998341362,
        "pos_aux": 0.5428294472251847,
        "pos_cconj": 0.7335635154533513,
        "pos_det": 0.4977059565954529,
        "pos_num": 0.8331336180679002,
        "pos_part": 0.5908780630763569,
        "pos_pron": 0.6133456933673463,
        "pos_sconj": 0.8062608169992731,
        "pos_punct": 0.77642424985977,
        "liwc_ppron": 0.5312519753569729,
        "liwc_ipron": 0.540260900004981,
        "liwc_article": 0.5240840224448965,
        "liwc_conj": 0.6240212071474195,
        "liwc_prep": 0.45231450783748917,
        "liwc_auxvb": 0.4604036356588008,
        "liwc_adverb": 0.546468452990864,
        "liwc_negate": 0.8153008276285774,
        "liwc_quant": 0.7437032861143809,
        "propn": 0.005657708628005658,
        "novel_tok": 0.6709507758523793,
        "pos_mean": 0.6200995679971247,
        "liwc_mean": 0.5819787572427092
    },
    "2": {
        "utter_diff": 0.6921395811154659,
        "pos_adj": 0.5165769195073497,
        "pos_adv": 0.5436978794971353,
        "pos_intj": 0.5682812156803668,
        "pos_noun": 0.4328429527028694,
        "pos_propn": 0.8213509244663,
        "pos_verb": 0.47022234396483426,
        "pos_adp": 0.4494593641173776,
        "pos_aux": 0.5342510542240169,
        "pos_cconj": 0.7131044775980079,
        "pos_det": 0.4572573723386548,
        "pos_num": 0.8333973898303269,
        "pos_part": 0.6104484264177992,
        "pos_pron": 0.6153692252082638,
        "pos_sconj": 0.7593488254657021,
        "pos_punct": 0.7541477146371355,
        "liwc_ppron": 0.5334346585021631,
        "liwc_ipron": 0.47435265980207375,
        "liwc_article": 0.48193146406018483,
        "liwc_conj": 0.559537843878633,
        "liwc_prep": 0.43814602514056733,
        "liwc_auxvb": 0.4316519822620632,
        "liwc_adverb": 0.526197773411053,
        "liwc_negate": 0.8296737248799019,
        "liwc_quant": 0.7041583908930231,
        "propn": 0.005657708628005658,
        "novel_tok": 0.7456899592394065,
        "pos_mean": 0.605317072377076,
        "liwc_mean": 0.5532316136477404
    },
    "3": {
        "utter_diff": 0.726414136033229,
        "pos_adj": 0.5487606679400164,
        "pos_adv": 0.5191583769315751,
        "pos_intj": 0.6028730237907364,
        "pos_noun": 0.5149279552672249,
        "pos_propn": 0.8465792547628047,
        "pos_verb": 0.4951510848424819,
        "pos_adp": 0.5327035172819877,
        "pos_aux": 0.5847220038109341,
        "pos_cconj": 0.744131724179039,
        "pos_det": 0.49820747284322414,
        "pos_num": 0.8120632482586955,
        "pos_part": 0.6346597753152019,
        "pos_pron": 0.6510279202299346,
        "pos_sconj": 0.7725901998429769,
        "pos_punct": 0.793838814858142,
        "liwc_ppron": 0.5727035449153036,
        "liwc_ipron": 0.5275779518066943,
        "liwc_article": 0.5706301441602724,
        "liwc_conj": 0.6301609992966819,
        "liwc_prep": 0.5386440896914148,
        "liwc_auxvb": 0.49671206031207277,
        "liwc_adverb": 0.5219791720600653,
        "liwc_negate": 0.7983009600794411,
        "liwc_quant": 0.7050469971820906,
        "propn": 0.008486562942008486,
        "novel_tok": 0.6419589997642492,
        "pos_mean": 0.6367596693436651,
        "liwc_mean": 0.5957506577226708
    },
    "4": {
        "utter_diff": 0.6913698190718247,
        "pos_adj": 0.5474029689059555,
        "pos_adv": 0.5086277787468935,
        "pos_intj": 0.565425588965351,
        "pos_noun": 0.4659912965268042,
        "pos_propn": 0.8487335655062864,
        "pos_verb": 0.5012267643822531,
        "pos_adp": 0.47667798119879373,
        "pos_aux": 0.5229077281543812,
        "pos_cconj": 0.7038800560083793,
        "pos_det": 0.49147610507131095,
        "pos_num": 0.8108444093768086,
        "pos_part": 0.6434715965285724,
        "pos_pron": 0.6365182953355873,
        "pos_sconj": 0.7616291389313381,
        "pos_punct": 0.7637061140501527,
        "liwc_ppron": 0.5843455714676592,
        "liwc_ipron": 0.5035311994589137,
        "liwc_article": 0.5222589848490735,
        "liwc_conj": 0.556028054152457,
        "liwc_prep": 0.4600717350800746,
        "liwc_auxvb": 0.44887232097114865,
        "liwc_adverb": 0.5005904453407612,
        "liwc_negate": 0.8136743190328083,
        "liwc_quant": 0.6746434403458927,
        "propn": 0.015558698727015558,
        "novel_tok": 0.6870184651221884,
        "pos_mean": 0.6165679591792579,
        "liwc_mean": 0.5626684522998654
    }
}