{
    "0": {
        "utter_diff": 0.6373523462940047,
        "pos_adj": 0.4790161161101496,
        "pos_adv": 0.5767324722866266,
        "pos_intj": 0.6679233047484755,
        "pos_noun": 0.4376703710187653,
        "pos_propn": 0.6416174156390961,
        "pos_verb": 0.4439715099274796,
        "pos_adp": 0.5162027119243491,
        "pos_aux": 0.5108807761217253,
        "pos_cconj": 0.7919953088269652,
        "pos_det": 0.47562721596822466,
        "pos_num": 0.9047635006034657,
        "pos_part": 0.4748587056191484,
        "pos_pron": 0.6057092280332669,
        "pos_sconj": 0.7712725417016957,
        "pos_punct": 0.7588745124820688,
        "liwc_ppron": 0.5486721178250465,
        "liwc_ipron": 0.5204709098619459,
        "liwc_article": 0.5296739097111889,
        "liwc_conj": 0.6550394849694898,
        "liwc_prep": 0.4574452333527913,
        "liwc_auxvb": 0.42305001532667885,
        "liwc_adverb": 0.5534479092430621,
        "liwc_negate": 0.6133180749054447,
        "liwc_quant": 0.7890717076890641,
        "propn": 0.01,
        "novel_tok": 0.705544930833871,
        "pos_mean": 0.6038077127341003,
        "liwc_mean": 0.5655765958760792
    },
    "1": {
        "utter_diff": 0.6751746626839868,
        "pos_adj": 0.5160737761140037,
        "pos_adv": 0.6092752156576121,
        "pos_intj": 0.6778260166545141,
        "pos_noun": 0.5258369007080862,
        "pos_propn": 0.7210109133368154,
        "pos_verb": 0.4676597311490401,
        "pos_adp": 0.5587107159021014,
        "pos_aux": 0.5010111633341542,
        "pos_cconj": 0.815084005596365,
        "pos_det": 0.5103525030148511,
        "pos_num": 0.9153334815357886,
        "pos_part": 0.5029417313028062,
        "pos_pron": 0.6017884316158661,
        "pos_sconj": 0.813954700395823,
        "pos_punct": 0.7625550881386574,
        "liwc_ppron": 0.5320141927490388,
        "liwc_ipron": 0.5262774714604358,
        "liwc_article": 0.5648533035839205,
        "liwc_conj": 0.6998953632242478,
        "liwc_prep": 0.5250333258840276,
        "liwc_auxvb": 0.5002400412474763,
        "liwc_adverb": 0.602985844611039,
        "liwc_negate": 0.5943714844846769,
        "liwc_quant": 0.7994068286204928,
        "propn": 0.028,
        "novel_tok": 0.6595284260913927,
        "pos_mean": 0.6332942916304324,
        "liwc_mean": 0.593897539540595
    },
    "2": {
        "utter_diff": 0.6251636920891143,
        "pos_adj": 0.4952766166740924,
        "pos_adv": 0.5753770054882164,
        "pos_intj": 0.6516377897423377,
        "pos_noun": 0.43598188703694074,
        "pos_propn": 0.7030949840478763,
        "pos_verb": 0.438678822647686,
        "pos_adp": 0.503106139827294,
        "pos_aux": 0.49781499540019997,
        "pos_cconj": 0.7765159204882016,
        "pos_det": 0.47321954638572156,
        "pos_num": 0.8950732585991993,
        "pos_part": 0.48962906660794947,
        "pos_pron": 0.57213985293369,
        "pos_sconj": 0.7733887945676683,
        "pos_punct": 0.7563869719460662,
        "liwc_ppron": 0.5555944529311218,
        "liwc_ipron": 0.5201063460624448,
        "liwc_article": 0.5030709523724596,
        "liwc_conj": 0.6456659141343226,
        "liwc_prep": 0.473324027130603,
        "liwc_auxvb": 0.44211242158687775,
        "liwc_adverb": 0.5503228197598661,
        "liwc_negate": 0.5779663267601088,
        "liwc_quant": 0.7591344741912217,
        "propn": 0.022,
        "novel_tok": 0.6949780207418348,
        "pos_mean": 0.6024881101595426,
        "liwc_mean": 0.5585886372143363
    },
    "3": {
        "utter_diff": 0.6995783706665955,
        "pos_adj": 0.5322016568593172,
        "pos_adv": 0.5993357823015713,
        "pos_intj": 0.711036943959782,
        "pos_noun": 0.5341141712969738,
        "pos_propn": 0.7678684645211561,
        "pos_verb": 0.5047347265534212,
        "pos_adp": 0.5941922690090363,
        "pos_aux": 0.553903576389831,
        "pos_cconj": 0.8189484325011186,
        "pos_det": 0.5385508875348208,
        "pos_num": 0.9125091742862963,
        "pos_part": 0.5561411833112854,
        "pos_pron": 0.628242063868525,
        "pos_sconj": 0.8019467868042026,
        "pos_punct": 0.7844825960531425,
        "liwc_ppron": 0.5716798957015515,
        "liwc_ipron": 0.5487325643162774,
        "liwc_article": 0.6014332518650878,
        "liwc_conj": 0.7102104445437312,
        "liwc_prep": 0.5507462488878814,
        "liwc_auxvb": 0.5365025311681662,
        "liwc_adverb": 0.5987300376288548,
        "liwc_negate": 0.6278072246849642,
        "liwc_quant": 0.8015897829713557,
        "propn": 0.055,
        "novel_tok": 0.589663611692171,
        "pos_mean": 0.6558805810166988,
        "liwc_mean": 0.616381331307541
    },
    "4": {
        "utter_diff": 0.6320122591937798,
        "pos_adj": 0.5424212306498307,
        "pos_adv": 0.5877998790158284,
        "pos_intj": 0.6440987142050509,
        "pos_noun": 0.44856779050673,
        "pos_propn": 0.7402817273184605,
        "pos_verb": 0.4703139514505368,
        "pos_adp": 0.5391399843902571,
        "pos_aux": 0.5219578565222508,
        "pos_cconj": 0.7603994121537884,
        "pos_det": 0.501224513044447,
        "pos_num": 0.9016620072472439,
        "pos_part": 0.5302596458898753,
        "pos_pron": 0.6195942596904807,
        "pos_sconj": 0.7710030512302191,
        "pos_punct": 0.7572145658517775,
        "liwc_ppron": 0.5684530084088567,
        "liwc_ipron": 0.5390000323457547,
        "liwc_article": 0.5276642279170227,
        "liwc_conj": 0.6141989774698167,
        "liwc_prep": 0.49700119642957047,
        "liwc_auxvb": 0.47221404668888034,
        "liwc_adverb": 0.5716716709553044,
        "liwc_negate": 0.6173241830379961,
        "liwc_quant": 0.782508270035569,
        "propn": 0.043,
        "novel_tok": 0.6412218158187555,
        "pos_mean": 0.6223959059444517,
        "liwc_mean": 0.5766706236987523
    }
}