{
    "0": {
        "utter_diff": 0.4382246782528721,
        "pos_adj": 0.6076136439324993,
        "pos_adv": 0.40844718715823214,
        "pos_intj": 0.40091586865080175,
        "pos_noun": 0.7646934019701663,
        "pos_propn": 0.31412530652231013,
        "pos_verb": 0.6442393211658525,
        "pos_adp": 0.6200268140028874,
        "pos_aux": 0.6428436212309805,
        "pos_cconj": 0.42997342725706705,
        "pos_det": 0.7240670049248678,
        "pos_num": 0.38813446477303964,
        "pos_part": 0.36678920294678724,
        "pos_pron": 0.5988348509089213,
        "pos_sconj": 0.34885060987852745,
        "pos_punct": 0.8313332501471913,
        "liwc_ppron": 0.45644327341341584,
        "liwc_ipron": 0.5119982022367227,
        "liwc_article": 0.6848755981403734,
        "liwc_conj": 0.5106229327521498,
        "liwc_prep": 0.6756928484969253,
        "liwc_auxvb": 0.565002696824712,
        "liwc_adverb": 0.44283151761525685,
        "liwc_negate": 0.6261310921073664,
        "liwc_quant": 0.3007744241154889,
        "propn": 0.509,
        "novel_tok": 0.4975766930550596,
        "pos_mean": 0.5393925316980088,
        "liwc_mean": 0.5304858428558235
    },
    "1": {
        "utter_diff": 0.4295050278949415,
        "pos_adj": 0.3951576032746215,
        "pos_adv": 0.36868752970891366,
        "pos_intj": 0.4304592027854673,
        "pos_noun": 0.5007286984414139,
        "pos_propn": 0.46210864649634925,
        "pos_verb": 0.4538339926208047,
        "pos_adp": 0.45130079429880937,
        "pos_aux": 0.44551800536701863,
        "pos_cconj": 0.4368882141280784,
        "pos_det": 0.36585009647345307,
        "pos_num": 0.6738173830836872,
        "pos_part": 0.4372322779048804,
        "pos_pron": 0.5076856362358846,
        "pos_sconj": 0.5274166783860251,
        "pos_punct": 0.7047463218769094,
        "liwc_ppron": 0.41531164315724833,
        "liwc_ipron": 0.36422353771899935,
        "liwc_article": 0.35048494544128084,
        "liwc_conj": 0.4168559465564308,
        "liwc_prep": 0.4753731227722623,
        "liwc_auxvb": 0.43697603016289804,
        "liwc_adverb": 0.39130745033588377,
        "liwc_negate": 0.6869927866974525,
        "liwc_quant": 0.4544468519633367,
        "propn": 0.142,
        "novel_tok": 0.6519495609278058,
        "pos_mean": 0.4774287387388211,
        "liwc_mean": 0.44355247942286585
    },
    "2": {
        "utter_diff": 0.6861832190082028,
        "pos_adj": 0.4524900803647221,
        "pos_adv": 0.39472831112786383,
        "pos_intj": 0.4844851831553019,
        "pos_noun": 0.6903023596195823,
        "pos_propn": 0.4740710734143521,
        "pos_verb": 0.5933927355999522,
        "pos_adp": 0.5467608126032152,
        "pos_aux": 0.686623878799897,
        "pos_cconj": 0.41737084705023086,
        "pos_det": 0.6432089625394103,
        "pos_num": 0.6942834818770725,
        "pos_part": 0.42671702573701153,
        "pos_pron": 0.5599563796275523,
        "pos_sconj": 0.4774178752955627,
        "pos_punct": 0.7960590563968103,
        "liwc_ppron": 0.4769875095101027,
        "liwc_ipron": 0.5380642736647216,
        "liwc_article": 0.5412232780930418,
        "liwc_conj": 0.44946099458700406,
        "liwc_prep": 0.6061601824917018,
        "liwc_auxvb": 0.5475054266244043,
        "liwc_adverb": 0.42698730285800524,
        "liwc_negate": 0.7266768941453567,
        "liwc_quant": 0.4637110236294224,
        "propn": 0.21,
        "novel_tok": 0.6535904402409122,
        "pos_mean": 0.5558578708805691,
        "liwc_mean": 0.5307529872893068
    },
    "3": {
        "utter_diff": 0.4703772638599043,
        "pos_adj": 0.6038524756052057,
        "pos_adv": 0.44293767574464193,
        "pos_intj": 0.3872571510115913,
        "pos_noun": 0.7224541887284219,
        "pos_propn": 0.44207256152564745,
        "pos_verb": 0.6143247329057039,
        "pos_adp": 0.6005781039587053,
        "pos_aux": 0.7114279935151635,
        "pos_cconj": 0.46221555588661783,
        "pos_det": 0.6897643702539243,
        "pos_num": 0.49082507363690114,
        "pos_part": 0.3774492900830018,
        "pos_pron": 0.5982578744768684,
        "pos_sconj": 0.3769995333571158,
        "pos_punct": 0.7987999477692371,
        "liwc_ppron": 0.4683146608595069,
        "liwc_ipron": 0.5632295331616112,
        "liwc_article": 0.6372225825920772,
        "liwc_conj": 0.5046993488628848,
        "liwc_prep": 0.6498310625281085,
        "liwc_auxvb": 0.5876439525598542,
        "liwc_adverb": 0.46781472074354336,
        "liwc_negate": 0.5360357089483364,
        "liwc_quant": 0.3486713448249637,
        "propn": 0.298,
        "novel_tok": 0.5051030967698961,
        "pos_mean": 0.5546144352305831,
        "liwc_mean": 0.5292736572312094
    },
    "4": {
        "utter_diff": 0.670147436061579,
        "pos_adj": 0.4724002852154374,
        "pos_adv": 0.426853894086504,
        "pos_intj": 0.4714423035711469,
        "pos_noun": 0.6836070270249771,
        "pos_propn": 0.552572572933771,
        "pos_verb": 0.5798255173025508,
        "pos_adp": 0.5482140283665008,
        "pos_aux": 0.673017534934045,
        "pos_cconj": 0.42035963820049277,
        "pos_det": 0.6400397369508148,
        "pos_num": 0.7138401493827464,
        "pos_part": 0.4981657987602206,
        "pos_pron": 0.5435502554448142,
        "pos_sconj": 0.47340208673721956,
        "pos_punct": 0.7819635971924852,
        "liwc_ppron": 0.49453333750262884,
        "liwc_ipron": 0.5308320645903054,
        "liwc_article": 0.5235977026336448,
        "liwc_conj": 0.4555386535416868,
        "liwc_prep": 0.5838978628350886,
        "liwc_auxvb": 0.5543070287462336,
        "liwc_adverb": 0.43762748780821303,
        "liwc_negate": 0.730769553025718,
        "liwc_quant": 0.4746032285737969,
        "propn": 0.376,
        "novel_tok": 0.6025654262705934,
        "pos_mean": 0.5652836284069152,
        "liwc_mean": 0.5317452132508128
    }
}