{
    "0": {
        "utter_diff": 0.7141995507192977,
        "pos_adj": 0.47632570830473553,
        "pos_adv": 0.6554784547191908,
        "pos_intj": 0.5845834539158685,
        "pos_noun": 0.447726332923045,
        "pos_propn": 0.6445031568539077,
        "pos_verb": 0.45410669854759605,
        "pos_adp": 0.518523451725374,
        "pos_aux": 0.5398982526321606,
        "pos_cconj": 0.8073397513019359,
        "pos_det": 0.4546736741730716,
        "pos_num": 0.8721287086358368,
        "pos_part": 0.6159494090242811,
        "pos_pron": 0.5942830322289543,
        "pos_sconj": 0.8006691261765814,
        "pos_punct": 0.7672479187501604,
        "liwc_ppron": 0.5353313254168917,
        "liwc_ipron": 0.49811774607455694,
        "liwc_article": 0.5363638723230822,
        "liwc_conj": 0.6579086607455644,
        "liwc_prep": 0.4852594718448021,
        "liwc_auxvb": 0.4334403068104124,
        "liwc_adverb": 0.594780351616165,
        "liwc_negate": 0.8476021776595153,
        "liwc_quant": 0.7623981991848697,
        "propn": 0.01272984441301273,
        "novel_tok": 0.7472041894192001,
        "pos_mean": 0.6155624753275133,
        "liwc_mean": 0.5945780124084288
    },
    "1": {
        "utter_diff": 0.7090287320162313,
        "pos_adj": 0.48929148689451685,
        "pos_adv": 0.5650525241085251,
        "pos_intj": 0.5509967628206239,
        "pos_noun": 0.5106766259211071,
        "pos_propn": 0.7581618042916863,
        "pos_verb": 0.4998120325067678,
        "pos_adp": 0.48822822238311775,
        "pos_aux": 0.5297429776908553,
        "pos_cconj": 0.735085730626868,
        "pos_det": 0.505810295680911,
        "pos_num": 0.8246119229009112,
        "pos_part": 0.5931749918083606,
        "pos_pron": 0.5867229451493869,
        "pos_sconj": 0.8076547897515135,
        "pos_punct": 0.7852647916830248,
        "liwc_ppron": 0.5142050888647819,
        "liwc_ipron": 0.5403929268937933,
        "liwc_article": 0.5490878562716436,
        "liwc_conj": 0.6272932345693512,
        "liwc_prep": 0.4589789419910157,
        "liwc_auxvb": 0.4880986020374487,
        "liwc_adverb": 0.5669631359620602,
        "liwc_negate": 0.8005448136082249,
        "liwc_quant": 0.74052455004949,
        "propn": 0.021216407355021217,
        "novel_tok": 0.6606484070338606,
        "pos_mean": 0.6153525269478786,
        "liwc_mean": 0.5873432389164233
    },
    "2": {
        "utter_diff": 0.6798298155094872,
        "pos_adj": 0.508348361556516,
        "pos_adv": 0.5425013082019374,
        "pos_intj": 0.5669881082031367,
        "pos_noun": 0.4405803026490693,
        "pos_propn": 0.8095106792987711,
        "pos_verb": 0.4642000527159575,
        "pos_adp": 0.4659086588263372,
        "pos_aux": 0.5390770902023818,
        "pos_cconj": 0.7301809084065489,
        "pos_det": 0.4401996644170871,
        "pos_num": 0.8239065379468697,
        "pos_part": 0.5972901667903876,
        "pos_pron": 0.5778213080674882,
        "pos_sconj": 0.7702166218431729,
        "pos_punct": 0.7627027851862942,
        "liwc_ppron": 0.5227679816229674,
        "liwc_ipron": 0.4692710520592268,
        "liwc_article": 0.48478805673086167,
        "liwc_conj": 0.5800668400323192,
        "liwc_prep": 0.4419213468643632,
        "liwc_auxvb": 0.45134612974346194,
        "liwc_adverb": 0.5147142434608138,
        "liwc_negate": 0.8096914691302823,
        "liwc_quant": 0.7053760396283623,
        "propn": 0.011315417256011316,
        "novel_tok": 0.7379366922616877,
        "pos_mean": 0.6026288369541304,
        "liwc_mean": 0.553327017696962
    },
    "3": {
        "utter_diff": 0.7169456542113923,
        "pos_adj": 0.5296646238164257,
        "pos_adv": 0.5131763664222427,
        "pos_intj": 0.622350387253085,
        "pos_noun": 0.49259216906842757,
        "pos_propn": 0.8353085371820214,
        "pos_verb": 0.5207528755667118,
        "pos_adp": 0.5383474408757688,
        "pos_aux": 0.5697082483362554,
        "pos_cconj": 0.731051231839581,
        "pos_det": 0.4926434947508878,
        "pos_num": 0.8088706156303733,
        "pos_part": 0.6226571202612937,
        "pos_pron": 0.6262371271138333,
        "pos_sconj": 0.7871312340678422,
        "pos_punct": 0.7794970988861134,
        "liwc_ppron": 0.5576883522793805,
        "liwc_ipron": 0.5535232671576438,
        "liwc_article": 0.5266144141275246,
        "liwc_conj": 0.621448957705608,
        "liwc_prep": 0.5145931467881683,
        "liwc_auxvb": 0.49905041809889333,
        "liwc_adverb": 0.516174899237404,
        "liwc_negate": 0.7844072273410283,
        "liwc_quant": 0.7052531409946043,
        "propn": 0.016973125884016973,
        "novel_tok": 0.6378870620935275,
        "pos_mean": 0.6313325714047242,
        "liwc_mean": 0.586528202636695
    },
    "4": {
        "utter_diff": 0.6884941200320372,
        "pos_adj": 0.5253731044079085,
        "pos_adv": 0.4950877118962628,
        "pos_intj": 0.5649532615649129,
        "pos_noun": 0.45095051761901356,
        "pos_propn": 0.839238655612182,
        "pos_verb": 0.4867807481064999,
        "pos_adp": 0.47375516130548967,
        "pos_aux": 0.5306081497710365,
        "pos_cconj": 0.7158225333546588,
        "pos_det": 0.48410497772451816,
        "pos_num": 0.8029395727175902,
        "pos_part": 0.625493241125539,
        "pos_pron": 0.6034444853449015,
        "pos_sconj": 0.7655593879037347,
        "pos_punct": 0.7662848261521886,
        "liwc_ppron": 0.5775192796918137,
        "liwc_ipron": 0.5094318752710969,
        "liwc_article": 0.4923272836980291,
        "liwc_conj": 0.5841258809426618,
        "liwc_prep": 0.45431487997224285,
        "liwc_auxvb": 0.4487848247100549,
        "liwc_adverb": 0.49833269773166045,
        "liwc_negate": 0.8044240000768668,
        "liwc_quant": 0.687073042992192,
        "propn": 0.02263083451202263,
        "novel_tok": 0.6849967421122084,
        "pos_mean": 0.6086930889737625,
        "liwc_mean": 0.561814862787402
    }
}