{
    "0": {
        "utter_diff": 0.7250009898227857,
        "pos_adj": 0.4820414901240786,
        "pos_adv": 0.6198047568461098,
        "pos_intj": 0.5386562036222223,
        "pos_noun": 0.4482911951891867,
        "pos_propn": 0.6665772091858557,
        "pos_verb": 0.42416029974489905,
        "pos_adp": 0.4823619971369095,
        "pos_aux": 0.5449000151886354,
        "pos_cconj": 0.7937098265430187,
        "pos_det": 0.45994384366845376,
        "pos_num": 0.8867037470603993,
        "pos_part": 0.5795220964443188,
        "pos_pron": 0.6421484902291568,
        "pos_sconj": 0.7857611745980204,
        "pos_punct": 0.7722060229440249,
        "liwc_ppron": 0.5596595957494743,
        "liwc_ipron": 0.4897131208658441,
        "liwc_article": 0.5174531266225146,
        "liwc_conj": 0.6663371174460367,
        "liwc_prep": 0.45612813634445,
        "liwc_auxvb": 0.4447227152627843,
        "liwc_adverb": 0.5531319036469312,
        "liwc_negate": 0.8036517211459948,
        "liwc_quant": 0.7672108513839302,
        "propn": 0.014144271570014143,
        "novel_tok": 0.734572136974152,
        "pos_mean": 0.6084525579016858,
        "liwc_mean": 0.5842231431631066
    },
    "1": {
        "utter_diff": 0.7227416274288712,
        "pos_adj": 0.4741550092875026,
        "pos_adv": 0.5971880621308786,
        "pos_intj": 0.5677294948137075,
        "pos_noun": 0.49474014324507126,
        "pos_propn": 0.7663681266425117,
        "pos_verb": 0.4650439113944522,
        "pos_adp": 0.48728379860903953,
        "pos_aux": 0.5494511332185407,
        "pos_cconj": 0.7287905542280187,
        "pos_det": 0.49440982502020475,
        "pos_num": 0.8320327413053171,
        "pos_part": 0.5943750405016193,
        "pos_pron": 0.6441880059596532,
        "pos_sconj": 0.8147576315363336,
        "pos_punct": 0.7825523294527494,
        "liwc_ppron": 0.5611253046083727,
        "liwc_ipron": 0.5260462417699225,
        "liwc_article": 0.5205057985204329,
        "liwc_conj": 0.6312620385490819,
        "liwc_prep": 0.4681003488349384,
        "liwc_auxvb": 0.5041161384111621,
        "liwc_adverb": 0.5526589702093082,
        "liwc_negate": 0.7685527194255418,
        "liwc_quant": 0.7359965442393082,
        "propn": 0.014144271570014143,
        "novel_tok": 0.6489416675682166,
        "pos_mean": 0.6195377204897068,
        "liwc_mean": 0.585373789396452
    },
    "2": {
        "utter_diff": 0.6980153311954431,
        "pos_adj": 0.4910838155141456,
        "pos_adv": 0.5474696790813014,
        "pos_intj": 0.5528821709465611,
        "pos_noun": 0.46284931746017166,
        "pos_propn": 0.825858451695084,
        "pos_verb": 0.44863557778014806,
        "pos_adp": 0.4702041198019951,
        "pos_aux": 0.5529655354369016,
        "pos_cconj": 0.711326612511749,
        "pos_det": 0.46296543943395624,
        "pos_num": 0.835577961026687,
        "pos_part": 0.5965184289037393,
        "pos_pron": 0.6279924512205931,
        "pos_sconj": 0.7782457362087888,
        "pos_punct": 0.7627037483388899,
        "liwc_ppron": 0.5303018469471423,
        "liwc_ipron": 0.4740379219208268,
        "liwc_article": 0.4715984061142769,
        "liwc_conj": 0.6117914341187656,
        "liwc_prep": 0.45961863826749516,
        "liwc_auxvb": 0.448002517284307,
        "liwc_adverb": 0.529228747705941,
        "liwc_negate": 0.7814397864087081,
        "liwc_quant": 0.7090255993667997,
        "propn": 0.01272984441301273,
        "novel_tok": 0.7309935166679852,
        "pos_mean": 0.6084852696907143,
        "liwc_mean": 0.557227210903807
    },
    "3": {
        "utter_diff": 0.734662391494537,
        "pos_adj": 0.5311059377377916,
        "pos_adv": 0.5259974897274928,
        "pos_intj": 0.626428759406383,
        "pos_noun": 0.5007495245705559,
        "pos_propn": 0.842792224662609,
        "pos_verb": 0.49089559773870006,
        "pos_adp": 0.5212309241261628,
        "pos_aux": 0.5780289558883487,
        "pos_cconj": 0.7454333684830065,
        "pos_det": 0.5149674110242243,
        "pos_num": 0.8222173857329755,
        "pos_part": 0.6068186757807692,
        "pos_pron": 0.6767638471651063,
        "pos_sconj": 0.7860877813705206,
        "pos_punct": 0.7848030618705447,
        "liwc_ppron": 0.5863185742204917,
        "liwc_ipron": 0.5478718100079207,
        "liwc_article": 0.5516675302362984,
        "liwc_conj": 0.6463528093511121,
        "liwc_prep": 0.5095336238769334,
        "liwc_auxvb": 0.5029772645429781,
        "liwc_adverb": 0.5302893664779242,
        "liwc_negate": 0.7541415353248225,
        "liwc_quant": 0.705043611042837,
        "propn": 0.015558698727015558,
        "novel_tok": 0.6079829455214804,
        "pos_mean": 0.6369547296856795,
        "liwc_mean": 0.5926884583423687
    },
    "4": {
        "utter_diff": 0.7039419695423683,
        "pos_adj": 0.5422721188306978,
        "pos_adv": 0.5060244827786277,
        "pos_intj": 0.5436994689919646,
        "pos_noun": 0.4641706961014045,
        "pos_propn": 0.8490959974529785,
        "pos_verb": 0.49672637972829337,
        "pos_adp": 0.5250678829595202,
        "pos_aux": 0.5423741678014357,
        "pos_cconj": 0.7062336449205707,
        "pos_det": 0.5124783773155411,
        "pos_num": 0.8171954194202381,
        "pos_part": 0.6093514959849665,
        "pos_pron": 0.6287738490283978,
        "pos_sconj": 0.7493588227377768,
        "pos_punct": 0.7720072891609117,
        "liwc_ppron": 0.5919961363580667,
        "liwc_ipron": 0.523759027376702,
        "liwc_article": 0.4984186955390164,
        "liwc_conj": 0.5804085457144784,
        "liwc_prep": 0.5094093939965942,
        "liwc_auxvb": 0.46232667187993937,
        "liwc_adverb": 0.4892234552364511,
        "liwc_negate": 0.7711104691528976,
        "liwc_quant": 0.6798868698543459,
        "propn": 0.02545968882602546,
        "novel_tok": 0.6793263243495666,
        "pos_mean": 0.617655339547555,
        "liwc_mean": 0.5673932516787212
    }
}