{
    "0": {
        "utter_diff": 0.667496881352594,
        "pos_adj": 0.6436207090619683,
        "pos_adv": 0.5615847760074268,
        "pos_intj": 0.4409461296124179,
        "pos_noun": 0.7925200286572046,
        "pos_propn": 0.32280571098576527,
        "pos_verb": 0.7395797170077494,
        "pos_adp": 0.7432016699005158,
        "pos_aux": 0.6882980881566597,
        "pos_cconj": 0.5507280312864867,
        "pos_det": 0.7550765289215458,
        "pos_num": 0.404667474380421,
        "pos_part": 0.5335111740926504,
        "pos_pron": 0.6668546939670021,
        "pos_sconj": 0.4000879706649977,
        "pos_punct": 0.8272263916169489,
        "liwc_ppron": 0.6016916929683196,
        "liwc_ipron": 0.5538494180063467,
        "liwc_article": 0.7041028511059559,
        "liwc_conj": 0.6064676202542938,
        "liwc_prep": 0.7755718545878648,
        "liwc_auxvb": 0.650028225310774,
        "liwc_adverb": 0.5612838032964713,
        "liwc_negate": 0.5065527842141221,
        "liwc_quant": 0.5037022905343718,
        "propn": 0.724,
        "novel_tok": 0.5088485113977843,
        "pos_mean": 0.6047139396213173,
        "liwc_mean": 0.6070278378087244
    },
    "1": {
        "utter_diff": 0.3945080638088312,
        "pos_adj": 0.3971356262739936,
        "pos_adv": 0.36606914922239187,
        "pos_intj": 0.435325875123172,
        "pos_noun": 0.5180965539470768,
        "pos_propn": 0.4226247089219724,
        "pos_verb": 0.5151787446310052,
        "pos_adp": 0.46234119276620234,
        "pos_aux": 0.4403699421574249,
        "pos_cconj": 0.34345777030221053,
        "pos_det": 0.3756870977865769,
        "pos_num": 0.4814464214988367,
        "pos_part": 0.3598434102473513,
        "pos_pron": 0.5544118064720432,
        "pos_sconj": 0.34655377403271753,
        "pos_punct": 0.6772189112129708,
        "liwc_ppron": 0.46312185205992856,
        "liwc_ipron": 0.34275948551353097,
        "liwc_article": 0.3687653720495503,
        "liwc_conj": 0.36303572686288493,
        "liwc_prep": 0.5019172372167221,
        "liwc_auxvb": 0.4482261171774519,
        "liwc_adverb": 0.37236953723357363,
        "liwc_negate": 0.5444492938102926,
        "liwc_quant": 0.3405230504233501,
        "propn": 0.207,
        "novel_tok": 0.5845884273073004,
        "pos_mean": 0.44638406563972965,
        "liwc_mean": 0.41612974137192055
    },
    "2": {
        "utter_diff": 0.4548488470448359,
        "pos_adj": 0.4644263935335568,
        "pos_adv": 0.4705377067985013,
        "pos_intj": 0.4826945508067615,
        "pos_noun": 0.7066896429192098,
        "pos_propn": 0.4093860914192267,
        "pos_verb": 0.6665056366764084,
        "pos_adp": 0.6509387623445664,
        "pos_aux": 0.6754630900957792,
        "pos_cconj": 0.41392932700104046,
        "pos_det": 0.6614502631760153,
        "pos_num": 0.4967152333064151,
        "pos_part": 0.3774611993097637,
        "pos_pron": 0.6396220132111946,
        "pos_sconj": 0.391967797439679,
        "pos_punct": 0.7855923914675831,
        "liwc_ppron": 0.5208832493056255,
        "liwc_ipron": 0.5612524282954916,
        "liwc_article": 0.5771335969402868,
        "liwc_conj": 0.5454502069387577,
        "liwc_prep": 0.6821992408554876,
        "liwc_auxvb": 0.6053557374087519,
        "liwc_adverb": 0.5047390278061766,
        "liwc_negate": 0.5264687598098409,
        "liwc_quant": 0.34972049000402694,
        "propn": 0.265,
        "novel_tok": 0.5984109257658191,
        "pos_mean": 0.5528920066337134,
        "liwc_mean": 0.5414669708182718
    },
    "3": {
        "utter_diff": 0.6679974618593288,
        "pos_adj": 0.6449934798357895,
        "pos_adv": 0.612589052936025,
        "pos_intj": 0.4740005308373075,
        "pos_noun": 0.7616968740662258,
        "pos_propn": 0.49789656928861337,
        "pos_verb": 0.7229042840836206,
        "pos_adp": 0.719505094136662,
        "pos_aux": 0.726607896513665,
        "pos_cconj": 0.616401733530839,
        "pos_det": 0.7274755689459366,
        "pos_num": 0.4550197742671872,
        "pos_part": 0.5266009349710831,
        "pos_pron": 0.7124550370721192,
        "pos_sconj": 0.517067734642442,
        "pos_punct": 0.8183845187444415,
        "liwc_ppron": 0.6094512805892086,
        "liwc_ipron": 0.6468124785032184,
        "liwc_article": 0.6776163479303335,
        "liwc_conj": 0.6640192094816286,
        "liwc_prep": 0.7456543458483686,
        "liwc_auxvb": 0.6750332714013869,
        "liwc_adverb": 0.6204947779739016,
        "liwc_negate": 0.5122404466185019,
        "liwc_quant": 0.5181347870502214,
        "propn": 0.505,
        "novel_tok": 0.49423254032068453,
        "pos_mean": 0.6355732722581304,
        "liwc_mean": 0.629939660599641
    },
    "4": {
        "utter_diff": 0.4465168259280625,
        "pos_adj": 0.5061329401758264,
        "pos_adv": 0.47773076780235224,
        "pos_intj": 0.4654546839796244,
        "pos_noun": 0.7070051466325443,
        "pos_propn": 0.446730522941095,
        "pos_verb": 0.6645472972467505,
        "pos_adp": 0.6168021444256313,
        "pos_aux": 0.6778043375185946,
        "pos_cconj": 0.42025488355726787,
        "pos_det": 0.655844145418244,
        "pos_num": 0.48435039765882754,
        "pos_part": 0.39902049903851106,
        "pos_pron": 0.6391880063505395,
        "pos_sconj": 0.43108920015869806,
        "pos_punct": 0.7840293315508966,
        "liwc_ppron": 0.5258621837986519,
        "liwc_ipron": 0.584090653059631,
        "liwc_article": 0.549120579054335,
        "liwc_conj": 0.5412578993797966,
        "liwc_prep": 0.6452794196479995,
        "liwc_auxvb": 0.620511381639607,
        "liwc_adverb": 0.494587874814342,
        "liwc_negate": 0.5618782100130453,
        "liwc_quant": 0.3938237959346002,
        "propn": 0.367,
        "novel_tok": 0.584053338211224,
        "pos_mean": 0.5583989536303603,
        "liwc_mean": 0.5462679997046677
    }
}