{
    "0": {
        "utter_diff": 0.4009607534641504,
        "pos_adj": 0.48589209511273906,
        "pos_adv": 0.3435265527219231,
        "pos_intj": 0.352838802483718,
        "pos_noun": 0.6644505738758391,
        "pos_propn": 0.20621018137278754,
        "pos_verb": 0.5848783936594412,
        "pos_adp": 0.5220030794980092,
        "pos_aux": 0.5620791316730974,
        "pos_cconj": 0.3178251636991488,
        "pos_det": 0.6512443140033182,
        "pos_num": 0.38817037377778485,
        "pos_part": 0.32289805378933073,
        "pos_pron": 0.5713773587365583,
        "pos_sconj": 0.36223605672739356,
        "pos_punct": 0.7911955738884598,
        "liwc_ppron": 0.44130428464678473,
        "liwc_ipron": 0.41324819789518075,
        "liwc_article": 0.5918896474957579,
        "liwc_conj": 0.3448765627060191,
        "liwc_prep": 0.5933406074563636,
        "liwc_auxvb": 0.4816310367202752,
        "liwc_adverb": 0.4282442016382532,
        "liwc_negate": 0.648998634907706,
        "liwc_quant": 0.2828223663079151,
        "propn": 0.248,
        "novel_tok": 0.4539555899369269,
        "pos_mean": 0.47512171366796996,
        "liwc_mean": 0.46959505997491735
    },
    "1": {
        "utter_diff": 0.4349251532767895,
        "pos_adj": 0.4067142237211928,
        "pos_adv": 0.40565850678149784,
        "pos_intj": 0.36998383108335103,
        "pos_noun": 0.4944615328614133,
        "pos_propn": 0.48298880025714813,
        "pos_verb": 0.4650297096118913,
        "pos_adp": 0.4392675965465059,
        "pos_aux": 0.4493446987742661,
        "pos_cconj": 0.4918132586472316,
        "pos_det": 0.3988124225982232,
        "pos_num": 0.7101959071733066,
        "pos_part": 0.44822279479989746,
        "pos_pron": 0.5616901611753393,
        "pos_sconj": 0.5471868210271942,
        "pos_punct": 0.7056071773482047,
        "liwc_ppron": 0.45682219576465954,
        "liwc_ipron": 0.3915441666379538,
        "liwc_article": 0.4003270960337119,
        "liwc_conj": 0.44671940450906544,
        "liwc_prep": 0.4760277756555892,
        "liwc_auxvb": 0.440963658092409,
        "liwc_adverb": 0.40991454031484337,
        "liwc_negate": 0.7102226242240361,
        "liwc_quant": 0.5067175240798495,
        "propn": 0.09,
        "novel_tok": 0.5625313323031411,
        "pos_mean": 0.4917984961604442,
        "liwc_mean": 0.471028776145791
    },
    "2": {
        "utter_diff": 0.647346744047967,
        "pos_adj": 0.4380858310547686,
        "pos_adv": 0.40474400241207276,
        "pos_intj": 0.3796994351824202,
        "pos_noun": 0.6186556988228475,
        "pos_propn": 0.4517561352635173,
        "pos_verb": 0.5576613941147045,
        "pos_adp": 0.4943118640834175,
        "pos_aux": 0.6314232519731956,
        "pos_cconj": 0.4440254364190759,
        "pos_det": 0.5921886554321676,
        "pos_num": 0.7040413805253072,
        "pos_part": 0.4463239817079411,
        "pos_pron": 0.5985360103418843,
        "pos_sconj": 0.47900580279588695,
        "pos_punct": 0.7661386808975297,
        "liwc_ppron": 0.4816522528809156,
        "liwc_ipron": 0.49599863542815165,
        "liwc_article": 0.49614275774112043,
        "liwc_conj": 0.3768433256688357,
        "liwc_prep": 0.5516709725044118,
        "liwc_auxvb": 0.4993552991868335,
        "liwc_adverb": 0.4343892379140355,
        "liwc_negate": 0.7593919502899822,
        "liwc_quant": 0.48085887505574043,
        "propn": 0.109,
        "novel_tok": 0.5920854176503787,
        "pos_mean": 0.5337731707351157,
        "liwc_mean": 0.5084781451855584
    },
    "3": {
        "utter_diff": 0.4373158231949011,
        "pos_adj": 0.512411541129802,
        "pos_adv": 0.39115126983407983,
        "pos_intj": 0.41274747805309875,
        "pos_noun": 0.6537477112864415,
        "pos_propn": 0.42677367649495646,
        "pos_verb": 0.5875344030121536,
        "pos_adp": 0.5291729271738882,
        "pos_aux": 0.655776450526306,
        "pos_cconj": 0.36189758704377767,
        "pos_det": 0.649075137200715,
        "pos_num": 0.5046103658600437,
        "pos_part": 0.36901989960652043,
        "pos_pron": 0.6544777826573366,
        "pos_sconj": 0.3714207797762682,
        "pos_punct": 0.7805971873358754,
        "liwc_ppron": 0.5151231902010653,
        "liwc_ipron": 0.5181980137212462,
        "liwc_article": 0.5761903466834507,
        "liwc_conj": 0.3673140598396418,
        "liwc_prep": 0.5890577173900339,
        "liwc_auxvb": 0.5361877661188749,
        "liwc_adverb": 0.4944426783935727,
        "liwc_negate": 0.5534554897871683,
        "liwc_quant": 0.31594105520128446,
        "propn": 0.206,
        "novel_tok": 0.40934710404821983,
        "pos_mean": 0.5240276131327508,
        "liwc_mean": 0.4962122574818153
    },
    "4": {
        "utter_diff": 0.6539294488151155,
        "pos_adj": 0.49650307643103037,
        "pos_adv": 0.41355203888199155,
        "pos_intj": 0.38711394805291677,
        "pos_noun": 0.6346715454198978,
        "pos_propn": 0.5546400277321158,
        "pos_verb": 0.5790469758081971,
        "pos_adp": 0.5134552559507717,
        "pos_aux": 0.6414679002189384,
        "pos_cconj": 0.4518940400064677,
        "pos_det": 0.6098819324734633,
        "pos_num": 0.7472321804979803,
        "pos_part": 0.5213597029214373,
        "pos_pron": 0.6093683751797554,
        "pos_sconj": 0.4890355520193945,
        "pos_punct": 0.7625118890443615,
        "liwc_ppron": 0.519104229923007,
        "liwc_ipron": 0.5306834243553082,
        "liwc_article": 0.5152722384037255,
        "liwc_conj": 0.3841211840260215,
        "liwc_prep": 0.5504028491248206,
        "liwc_auxvb": 0.5480936871947232,
        "liwc_adverb": 0.48568067736685344,
        "liwc_negate": 0.7747253238056405,
        "liwc_quant": 0.5202899935569191,
        "propn": 0.188,
        "novel_tok": 0.5324304107153912,
        "pos_mean": 0.5607822960425813,
        "liwc_mean": 0.5364859564174467
    }
}