{
    "0": {
        "utter_diff": 0.6148566683501151,
        "pos_adj": 0.3797544431902576,
        "pos_adv": 0.36174875481134633,
        "pos_intj": 0.47796285995749477,
        "pos_noun": 0.5690452507783009,
        "pos_propn": 0.6169409276956278,
        "pos_verb": 0.5249969572109073,
        "pos_adp": 0.4511799508171129,
        "pos_aux": 0.5723980553016778,
        "pos_cconj": 0.45150696978852334,
        "pos_det": 0.42130391525043037,
        "pos_num": 0.780133109158636,
        "pos_part": 0.5440310575594579,
        "pos_pron": 0.6211774634126296,
        "pos_sconj": 0.6715101029891425,
        "pos_punct": 0.8013202490918758,
        "liwc_ppron": 0.5256251124864103,
        "liwc_ipron": 0.392613539149531,
        "liwc_article": 0.4111662099177263,
        "liwc_conj": 0.36406415349568033,
        "liwc_prep": 0.4813655080809031,
        "liwc_auxvb": 0.499533250262631,
        "liwc_adverb": 0.407078683404347,
        "liwc_negate": 0.8755933545392166,
        "liwc_quant": 0.578894683711825,
        "propn": 0.021216407355021217,
        "novel_tok": 0.7897271475201829,
        "pos_mean": 0.5496673378008946,
        "liwc_mean": 0.50399272167203
    },
    "1": {
        "utter_diff": 0.6354431197172594,
        "pos_adj": 0.37385505199722036,
        "pos_adv": 0.4264644655593304,
        "pos_intj": 0.45181459516787426,
        "pos_noun": 0.5555635637971835,
        "pos_propn": 0.6959915639733648,
        "pos_verb": 0.4979054727184228,
        "pos_adp": 0.4126822264124063,
        "pos_aux": 0.5457840158914933,
        "pos_cconj": 0.4780688591372221,
        "pos_det": 0.45805181982331566,
        "pos_num": 0.7417794098865307,
        "pos_part": 0.5137782361820759,
        "pos_pron": 0.6098940790126285,
        "pos_sconj": 0.7028428055331768,
        "pos_punct": 0.7898104055814473,
        "liwc_ppron": 0.5144936223161564,
        "liwc_ipron": 0.4012988879001411,
        "liwc_article": 0.40326428673705045,
        "liwc_conj": 0.40347859631861,
        "liwc_prep": 0.4517412196265658,
        "liwc_auxvb": 0.47113735042613947,
        "liwc_adverb": 0.4005884494202205,
        "liwc_negate": 0.8208732364797307,
        "liwc_quant": 0.5424345938902024,
        "propn": 0.02263083451202263,
        "novel_tok": 0.7681792645122888,
        "pos_mean": 0.5502857713782462,
        "liwc_mean": 0.48992336034609074
    },
    "2": {
        "utter_diff": 0.6106741032740975,
        "pos_adj": 0.38907480740302575,
        "pos_adv": 0.38976317965096957,
        "pos_intj": 0.4648412996140068,
        "pos_noun": 0.5431148099958734,
        "pos_propn": 0.7482194202549728,
        "pos_verb": 0.4882137283416435,
        "pos_adp": 0.4460517845697967,
        "pos_aux": 0.5455662061898237,
        "pos_cconj": 0.4862734444978644,
        "pos_det": 0.4686085753162194,
        "pos_num": 0.7478742207649934,
        "pos_part": 0.5344356412595853,
        "pos_pron": 0.6061173692191048,
        "pos_sconj": 0.6821601120349662,
        "pos_punct": 0.7945826444995531,
        "liwc_ppron": 0.5090000966048694,
        "liwc_ipron": 0.35823849874567626,
        "liwc_article": 0.4180714982458432,
        "liwc_conj": 0.3939881561781662,
        "liwc_prep": 0.45178884816376136,
        "liwc_auxvb": 0.4678011155188333,
        "liwc_adverb": 0.4264526391362022,
        "liwc_negate": 0.8352493406419952,
        "liwc_quant": 0.5359233905569579,
        "propn": 0.0297029702970297,
        "novel_tok": 0.7838509444607191,
        "pos_mean": 0.5556598162408265,
        "liwc_mean": 0.4885015093102561
    },
    "3": {
        "utter_diff": 0.6415449557792978,
        "pos_adj": 0.4322624631436343,
        "pos_adv": 0.4167800396755586,
        "pos_intj": 0.46130415075400305,
        "pos_noun": 0.5743035572573999,
        "pos_propn": 0.7684551741040033,
        "pos_verb": 0.4915764200969511,
        "pos_adp": 0.42786848916682607,
        "pos_aux": 0.5424818002558027,
        "pos_cconj": 0.48191155976762734,
        "pos_det": 0.4584153550243227,
        "pos_num": 0.7283383840750766,
        "pos_part": 0.5422008720162141,
        "pos_pron": 0.6334672546781304,
        "pos_sconj": 0.6652995296685783,
        "pos_punct": 0.7949789001096506,
        "liwc_ppron": 0.5299740082374894,
        "liwc_ipron": 0.4461262995681692,
        "liwc_article": 0.4205591145297943,
        "liwc_conj": 0.43803717014872506,
        "liwc_prep": 0.46216094913564887,
        "liwc_auxvb": 0.4685047564314263,
        "liwc_adverb": 0.4159861622927341,
        "liwc_negate": 0.7808768851237425,
        "liwc_quant": 0.5419436391207086,
        "propn": 0.02545968882602546,
        "novel_tok": 0.7648998575072953,
        "pos_mean": 0.5613095966529186,
        "liwc_mean": 0.5004632205098265
    },
    "4": {
        "utter_diff": 0.6273486984939698,
        "pos_adj": 0.43438266088143584,
        "pos_adv": 0.44083174721798896,
        "pos_intj": 0.44549715252640054,
        "pos_noun": 0.5693842308854188,
        "pos_propn": 0.7955161514331862,
        "pos_verb": 0.5196019577733108,
        "pos_adp": 0.4486697092564545,
        "pos_aux": 0.5457824604933933,
        "pos_cconj": 0.45826552318198016,
        "pos_det": 0.49516853366496066,
        "pos_num": 0.758597981726386,
        "pos_part": 0.5363087629034913,
        "pos_pron": 0.6198187665165252,
        "pos_sconj": 0.6761481893124701,
        "pos_punct": 0.7901915359306286,
        "liwc_ppron": 0.5350599180357813,
        "liwc_ipron": 0.4279778852510401,
        "liwc_article": 0.43876601212247657,
        "liwc_conj": 0.40113892327128337,
        "liwc_prep": 0.45471559041374265,
        "liwc_auxvb": 0.455676629417901,
        "liwc_adverb": 0.43039715671688683,
        "liwc_negate": 0.818917122304212,
        "liwc_quant": 0.5307430729820654,
        "propn": 0.06789250353606789,
        "novel_tok": 0.7686220614479506,
        "pos_mean": 0.5689443575802688,
        "liwc_mean": 0.49926581227948763
    }
}