{
    "0": {
        "utter_diff": 0.6247485224028145,
        "pos_adj": 0.5134814911997747,
        "pos_adv": 0.5618078822757939,
        "pos_intj": 0.6879466580453295,
        "pos_noun": 0.44492084902331946,
        "pos_propn": 0.629610357858775,
        "pos_verb": 0.4678421446652529,
        "pos_adp": 0.5238098017477645,
        "pos_aux": 0.4884758831998833,
        "pos_cconj": 0.7798554280633259,
        "pos_det": 0.46704008056461266,
        "pos_num": 0.9069265981143309,
        "pos_part": 0.485449454945441,
        "pos_pron": 0.5755844861322745,
        "pos_sconj": 0.7721517740469179,
        "pos_punct": 0.7558682909478833,
        "liwc_ppron": 0.5261620419953629,
        "liwc_ipron": 0.502069202730545,
        "liwc_article": 0.5455282727650638,
        "liwc_conj": 0.6488921935053743,
        "liwc_prep": 0.4662114817113542,
        "liwc_auxvb": 0.44161043794171906,
        "liwc_adverb": 0.5422006511635595,
        "liwc_negate": 0.6924959666734652,
        "liwc_quant": 0.7942453750515976,
        "propn": 0.015,
        "novel_tok": 0.719936141372256,
        "pos_mean": 0.6040514120553787,
        "liwc_mean": 0.573268402615338
    },
    "1": {
        "utter_diff": 0.6729339017397127,
        "pos_adj": 0.5127363556260693,
        "pos_adv": 0.6131866615130201,
        "pos_intj": 0.6762800263135884,
        "pos_noun": 0.4899157883976192,
        "pos_propn": 0.7140139649965943,
        "pos_verb": 0.4846654878010641,
        "pos_adp": 0.5570061639635135,
        "pos_aux": 0.4816671531378533,
        "pos_cconj": 0.806273453313095,
        "pos_det": 0.48957943561795275,
        "pos_num": 0.9143836710068247,
        "pos_part": 0.48546487181879533,
        "pos_pron": 0.5712320930844329,
        "pos_sconj": 0.8052718015484451,
        "pos_punct": 0.7594829955235491,
        "liwc_ppron": 0.5288207603904734,
        "liwc_ipron": 0.5244748342645634,
        "liwc_article": 0.5833752919950541,
        "liwc_conj": 0.6801523888907001,
        "liwc_prep": 0.5132655233810568,
        "liwc_auxvb": 0.4842356538336974,
        "liwc_adverb": 0.6038395757328913,
        "liwc_negate": 0.6751700578970903,
        "liwc_quant": 0.8071258667464876,
        "propn": 0.033,
        "novel_tok": 0.6736385819932913,
        "pos_mean": 0.6240773282441611,
        "liwc_mean": 0.6000511059035571
    },
    "2": {
        "utter_diff": 0.6209794361405687,
        "pos_adj": 0.5137526303115344,
        "pos_adv": 0.5609144158219569,
        "pos_intj": 0.6648398250129626,
        "pos_noun": 0.41288523901492163,
        "pos_propn": 0.6981763196329921,
        "pos_verb": 0.46433748896265725,
        "pos_adp": 0.49525074762477095,
        "pos_aux": 0.4962434672650415,
        "pos_cconj": 0.7691640343575722,
        "pos_det": 0.4262424190275501,
        "pos_num": 0.9015578693458549,
        "pos_part": 0.5153948668222038,
        "pos_pron": 0.5533336534656563,
        "pos_sconj": 0.7824977734490884,
        "pos_punct": 0.7534833454316975,
        "liwc_ppron": 0.5255713908487272,
        "liwc_ipron": 0.48262429875749147,
        "liwc_article": 0.5081735519685786,
        "liwc_conj": 0.6441307702950104,
        "liwc_prep": 0.466637573868456,
        "liwc_auxvb": 0.4447580398701702,
        "liwc_adverb": 0.5369786210927089,
        "liwc_negate": 0.6740837698350381,
        "liwc_quant": 0.7445618921320749,
        "propn": 0.012,
        "novel_tok": 0.7068186836220595,
        "pos_mean": 0.6005382730364306,
        "liwc_mean": 0.5586133231853617
    },
    "3": {
        "utter_diff": 0.6835562830118552,
        "pos_adj": 0.5608251862304274,
        "pos_adv": 0.6072413749466302,
        "pos_intj": 0.7055498110348609,
        "pos_noun": 0.5203197443821704,
        "pos_propn": 0.7622554523193177,
        "pos_verb": 0.49919045272682316,
        "pos_adp": 0.5754133331954293,
        "pos_aux": 0.5111598707859669,
        "pos_cconj": 0.8027803257891992,
        "pos_det": 0.5321948785163547,
        "pos_num": 0.9198814416295533,
        "pos_part": 0.5320544011525802,
        "pos_pron": 0.5923089914362406,
        "pos_sconj": 0.8068427074471923,
        "pos_punct": 0.775625201399123,
        "liwc_ppron": 0.5296798911738847,
        "liwc_ipron": 0.5566400784149977,
        "liwc_article": 0.6099802388435908,
        "liwc_conj": 0.696254395572481,
        "liwc_prep": 0.520186368950736,
        "liwc_auxvb": 0.49525140687110336,
        "liwc_adverb": 0.6110493280693977,
        "liwc_negate": 0.6862008902401174,
        "liwc_quant": 0.8024220754461782,
        "propn": 0.05,
        "novel_tok": 0.6163175285918723,
        "pos_mean": 0.6469095448661246,
        "liwc_mean": 0.6119627415091653
    },
    "4": {
        "utter_diff": 0.6212924681100367,
        "pos_adj": 0.5479498516330898,
        "pos_adv": 0.5707523840154756,
        "pos_intj": 0.6805490546949033,
        "pos_noun": 0.45145047435818464,
        "pos_propn": 0.7491590227958742,
        "pos_verb": 0.49639912818146326,
        "pos_adp": 0.5353515473017062,
        "pos_aux": 0.5190970636752643,
        "pos_cconj": 0.765206291618775,
        "pos_det": 0.48966909750593796,
        "pos_num": 0.9042112097907443,
        "pos_part": 0.5571751859274019,
        "pos_pron": 0.6025691797598115,
        "pos_sconj": 0.7624162725530425,
        "pos_punct": 0.7630423992082015,
        "liwc_ppron": 0.5503442034904822,
        "liwc_ipron": 0.5125320984299069,
        "liwc_article": 0.5553789715970799,
        "liwc_conj": 0.62312410991988,
        "liwc_prep": 0.490170333878981,
        "liwc_auxvb": 0.477298123277203,
        "liwc_adverb": 0.5676950478753569,
        "liwc_negate": 0.6786850071412819,
        "liwc_quant": 0.7724874342637176,
        "propn": 0.054,
        "novel_tok": 0.6466140747975381,
        "pos_mean": 0.6263332108679918,
        "liwc_mean": 0.5808572588748766
    }
}