{
    "0": {
        "utter_diff": 0.6227540320035876,
        "pos_adj": 0.5010832807087077,
        "pos_adv": 0.5739775175927092,
        "pos_intj": 0.6791777136765027,
        "pos_noun": 0.4535019019199024,
        "pos_propn": 0.6352330741976366,
        "pos_verb": 0.44794960338951445,
        "pos_adp": 0.5148724994005197,
        "pos_aux": 0.5031946293090456,
        "pos_cconj": 0.7782513042212482,
        "pos_det": 0.4675033887519492,
        "pos_num": 0.900532006620133,
        "pos_part": 0.48946724345695075,
        "pos_pron": 0.5838848282970516,
        "pos_sconj": 0.7631625340442098,
        "pos_punct": 0.7566396110415367,
        "liwc_ppron": 0.5350027914995019,
        "liwc_ipron": 0.4904441519520615,
        "liwc_article": 0.5381631057245794,
        "liwc_conj": 0.6578461011025983,
        "liwc_prep": 0.46724148298302576,
        "liwc_auxvb": 0.42051469544489717,
        "liwc_adverb": 0.5326058326136495,
        "liwc_negate": 0.7133056178497289,
        "liwc_quant": 0.7924290310443839,
        "propn": 0.013,
        "novel_tok": 0.7251347527742141,
        "pos_mean": 0.6032287424418412,
        "liwc_mean": 0.5719503122460474
    },
    "1": {
        "utter_diff": 0.6906839913723857,
        "pos_adj": 0.5442687310687037,
        "pos_adv": 0.6164434453112748,
        "pos_intj": 0.7027396798356633,
        "pos_noun": 0.5140795250135005,
        "pos_propn": 0.721919037825123,
        "pos_verb": 0.4670106785140212,
        "pos_adp": 0.5765923406741983,
        "pos_aux": 0.5173303516543545,
        "pos_cconj": 0.8119459723691504,
        "pos_det": 0.5209784734502839,
        "pos_num": 0.9102998461953652,
        "pos_part": 0.5218191532952249,
        "pos_pron": 0.5924034929635642,
        "pos_sconj": 0.8045893659655736,
        "pos_punct": 0.760481774667397,
        "liwc_ppron": 0.5432829781914281,
        "liwc_ipron": 0.5368984013489115,
        "liwc_article": 0.5829596712676318,
        "liwc_conj": 0.7009030378243708,
        "liwc_prep": 0.5423618910414656,
        "liwc_auxvb": 0.5177095099862312,
        "liwc_adverb": 0.6144689416222767,
        "liwc_negate": 0.7001706817015985,
        "liwc_quant": 0.82064258360183,
        "propn": 0.03,
        "novel_tok": 0.6660781236804463,
        "pos_mean": 0.6388601245868932,
        "liwc_mean": 0.6177108551761938
    },
    "2": {
        "utter_diff": 0.6228278698152112,
        "pos_adj": 0.5151292812229882,
        "pos_adv": 0.5684739661410737,
        "pos_intj": 0.6621027537859749,
        "pos_noun": 0.43000387270672996,
        "pos_propn": 0.7074530541186378,
        "pos_verb": 0.4440765787975577,
        "pos_adp": 0.5037215366114751,
        "pos_aux": 0.48859786247157744,
        "pos_cconj": 0.7652720646761405,
        "pos_det": 0.4419350777403428,
        "pos_num": 0.8926722821862112,
        "pos_part": 0.5146746160720017,
        "pos_pron": 0.5620945349148561,
        "pos_sconj": 0.7762158390877353,
        "pos_punct": 0.7464048862273385,
        "liwc_ppron": 0.5314697210744795,
        "liwc_ipron": 0.4832309052083496,
        "liwc_article": 0.5157972043857797,
        "liwc_conj": 0.6283389938351843,
        "liwc_prep": 0.4559084177735499,
        "liwc_auxvb": 0.45533962786644455,
        "liwc_adverb": 0.5445145004019306,
        "liwc_negate": 0.6825379482068531,
        "liwc_quant": 0.75701633548371,
        "propn": 0.015,
        "novel_tok": 0.7105695269959905,
        "pos_mean": 0.6012552137840428,
        "liwc_mean": 0.5615726282484758
    },
    "3": {
        "utter_diff": 0.6966028901571286,
        "pos_adj": 0.5816028374216032,
        "pos_adv": 0.6204463906394478,
        "pos_intj": 0.7297879922406265,
        "pos_noun": 0.5530650170884628,
        "pos_propn": 0.7721239856896566,
        "pos_verb": 0.5118348549375753,
        "pos_adp": 0.5632947284320816,
        "pos_aux": 0.5302178601031423,
        "pos_cconj": 0.8069146350089844,
        "pos_det": 0.5478569582830384,
        "pos_num": 0.9216620786663379,
        "pos_part": 0.5347141071464313,
        "pos_pron": 0.6047678851296983,
        "pos_sconj": 0.7960713814050526,
        "pos_punct": 0.7816532102052711,
        "liwc_ppron": 0.5526459385904062,
        "liwc_ipron": 0.5552109099397518,
        "liwc_article": 0.618619295637435,
        "liwc_conj": 0.6986555198576949,
        "liwc_prep": 0.5485549014137566,
        "liwc_auxvb": 0.5315821316571906,
        "liwc_adverb": 0.6200371465590272,
        "liwc_negate": 0.6986416812149662,
        "liwc_quant": 0.8095217071909725,
        "propn": 0.053,
        "novel_tok": 0.5949608439407226,
        "pos_mean": 0.6570675948264939,
        "liwc_mean": 0.625941025784578
    },
    "4": {
        "utter_diff": 0.6235551617782515,
        "pos_adj": 0.544979655197042,
        "pos_adv": 0.5783674444272189,
        "pos_intj": 0.6722020739616075,
        "pos_noun": 0.4428159654470853,
        "pos_propn": 0.747867771890617,
        "pos_verb": 0.4725284491238767,
        "pos_adp": 0.5415292681868826,
        "pos_aux": 0.5134534227950894,
        "pos_cconj": 0.7599008524399476,
        "pos_det": 0.48852889370150426,
        "pos_num": 0.9062501262047296,
        "pos_part": 0.5399323788510675,
        "pos_pron": 0.6096665315759171,
        "pos_sconj": 0.7699549889660783,
        "pos_punct": 0.7532168685860798,
        "liwc_ppron": 0.557948834762294,
        "liwc_ipron": 0.5104016513196131,
        "liwc_article": 0.5260157162626816,
        "liwc_conj": 0.6302088875635549,
        "liwc_prep": 0.49906322147284066,
        "liwc_auxvb": 0.4790684340414086,
        "liwc_adverb": 0.5657824835887147,
        "liwc_negate": 0.668146193087602,
        "liwc_quant": 0.7786204487227962,
        "propn": 0.049,
        "novel_tok": 0.6552464759320418,
        "pos_mean": 0.6227463127569829,
        "liwc_mean": 0.5794728745357227
    }
}