{
    "0": {
        "utter_diff": 0.6209293653279162,
        "pos_adj": 0.46392860750663295,
        "pos_adv": 0.49179644193770494,
        "pos_intj": 0.678241965927118,
        "pos_noun": 0.4378002084315341,
        "pos_propn": 0.6313501040786633,
        "pos_verb": 0.47255774179562765,
        "pos_adp": 0.43065193871741425,
        "pos_aux": 0.5230814429879246,
        "pos_cconj": 0.673888700144385,
        "pos_det": 0.42891241166010063,
        "pos_num": 0.8745438511944501,
        "pos_part": 0.4664501297862577,
        "pos_pron": 0.6226953339948567,
        "pos_sconj": 0.718856723942769,
        "pos_punct": 0.7643978271882428,
        "liwc_ppron": 0.5550953739928535,
        "liwc_ipron": 0.45726935902356847,
        "liwc_article": 0.461568950342223,
        "liwc_conj": 0.5452637013779642,
        "liwc_prep": 0.42185146241469407,
        "liwc_auxvb": 0.42944149027990036,
        "liwc_adverb": 0.4962975987578802,
        "liwc_negate": 0.6672427462069793,
        "liwc_quant": 0.6979572331194726,
        "propn": 0.024,
        "novel_tok": 0.7179533821291693,
        "pos_mean": 0.5786102286195788,
        "liwc_mean": 0.5257764350572818
    },
    "1": {
        "utter_diff": 0.668254967575017,
        "pos_adj": 0.49368704753420034,
        "pos_adv": 0.5294800234934173,
        "pos_intj": 0.6596888771743517,
        "pos_noun": 0.452267191043134,
        "pos_propn": 0.7099673278768888,
        "pos_verb": 0.4977178020547858,
        "pos_adp": 0.4876483973994568,
        "pos_aux": 0.5001013485697026,
        "pos_cconj": 0.7099800732961252,
        "pos_det": 0.4484213720485242,
        "pos_num": 0.8872453510680088,
        "pos_part": 0.4707705104400943,
        "pos_pron": 0.5997897726757868,
        "pos_sconj": 0.7618178526501077,
        "pos_punct": 0.7570314383165374,
        "liwc_ppron": 0.5279231649565029,
        "liwc_ipron": 0.46662823831145733,
        "liwc_article": 0.4715642346278798,
        "liwc_conj": 0.6100463333106285,
        "liwc_prep": 0.47591409996339923,
        "liwc_auxvb": 0.4724660870039304,
        "liwc_adverb": 0.5223244608510624,
        "liwc_negate": 0.6589795960621421,
        "liwc_quant": 0.7253517617857322,
        "propn": 0.043,
        "novel_tok": 0.6930892906973124,
        "pos_mean": 0.5977076257094082,
        "liwc_mean": 0.5479108863191927
    },
    "2": {
        "utter_diff": 0.6207308342596215,
        "pos_adj": 0.476569876820353,
        "pos_adv": 0.5023329434460303,
        "pos_intj": 0.6608940618974863,
        "pos_noun": 0.44340534390418024,
        "pos_propn": 0.6863473394568609,
        "pos_verb": 0.4745600126817291,
        "pos_adp": 0.4420143586784867,
        "pos_aux": 0.5000885596945276,
        "pos_cconj": 0.6594237089965912,
        "pos_det": 0.41456159666223363,
        "pos_num": 0.869297961437788,
        "pos_part": 0.4826892123315008,
        "pos_pron": 0.5979116144072083,
        "pos_sconj": 0.7482707745970413,
        "pos_punct": 0.7611053722467211,
        "liwc_ppron": 0.5424767846231914,
        "liwc_ipron": 0.4642702303361687,
        "liwc_article": 0.42535725394079965,
        "liwc_conj": 0.537610238880414,
        "liwc_prep": 0.43856643253844835,
        "liwc_auxvb": 0.446336385630707,
        "liwc_adverb": 0.47871522030987995,
        "liwc_negate": 0.651902797404121,
        "liwc_quant": 0.6689929782043396,
        "propn": 0.016,
        "novel_tok": 0.7105992417612338,
        "pos_mean": 0.581298182483916,
        "liwc_mean": 0.5171364802075633
    },
    "3": {
        "utter_diff": 0.6729127336497331,
        "pos_adj": 0.5138807188472276,
        "pos_adv": 0.5273339790541617,
        "pos_intj": 0.6741221993475575,
        "pos_noun": 0.49034926544253243,
        "pos_propn": 0.7396449740093073,
        "pos_verb": 0.5160245038354265,
        "pos_adp": 0.5048151157078862,
        "pos_aux": 0.5265035666736072,
        "pos_cconj": 0.6901923438603229,
        "pos_det": 0.4613231733618097,
        "pos_num": 0.8865891819384497,
        "pos_part": 0.4807354579251826,
        "pos_pron": 0.6054839135157758,
        "pos_sconj": 0.742984865147358,
        "pos_punct": 0.7686790597538304,
        "liwc_ppron": 0.5382736063144447,
        "liwc_ipron": 0.46758479604914316,
        "liwc_article": 0.49606255557624107,
        "liwc_conj": 0.6083410717697758,
        "liwc_prep": 0.49285046290018925,
        "liwc_auxvb": 0.4782169224821006,
        "liwc_adverb": 0.5214530023993713,
        "liwc_negate": 0.6592470639048622,
        "liwc_quant": 0.722221192594452,
        "propn": 0.056,
        "novel_tok": 0.6722131828863436,
        "pos_mean": 0.6085774878946957,
        "liwc_mean": 0.5538056304433978
    },
    "4": {
        "utter_diff": 0.6205390179840491,
        "pos_adj": 0.4963238011611149,
        "pos_adv": 0.49107196236811845,
        "pos_intj": 0.6626757586044946,
        "pos_noun": 0.4622325855081074,
        "pos_propn": 0.7284637260786555,
        "pos_verb": 0.5253273134142418,
        "pos_adp": 0.45474205866319045,
        "pos_aux": 0.5095685145047858,
        "pos_cconj": 0.6582782807107572,
        "pos_det": 0.4420134132060193,
        "pos_num": 0.8798264976946847,
        "pos_part": 0.5108305258118565,
        "pos_pron": 0.6053261568122251,
        "pos_sconj": 0.7264827083564367,
        "pos_punct": 0.7654794061896125,
        "liwc_ppron": 0.5368023995730169,
        "liwc_ipron": 0.4749166795303008,
        "liwc_article": 0.4700722829371226,
        "liwc_conj": 0.5572360236852859,
        "liwc_prep": 0.4446774697487633,
        "liwc_auxvb": 0.4739425897114151,
        "liwc_adverb": 0.5014006959587568,
        "liwc_negate": 0.6728769200063937,
        "liwc_quant": 0.6918314536986635,
        "propn": 0.055,
        "novel_tok": 0.6905046359304846,
        "pos_mean": 0.59457618060562,
        "liwc_mean": 0.5359729460944131
    }
}