{
    "0": {
        "utter_diff": 0.7078100223119023,
        "pos_adj": 0.45311481815105814,
        "pos_adv": 0.5176529713673512,
        "pos_intj": 0.5819963395154464,
        "pos_noun": 0.5298479637945425,
        "pos_propn": 0.6436537963539473,
        "pos_verb": 0.5459711095810649,
        "pos_adp": 0.47647601602963,
        "pos_aux": 0.6006049450787709,
        "pos_cconj": 0.6226589345610103,
        "pos_det": 0.43950933029875494,
        "pos_num": 0.8347293648574573,
        "pos_part": 0.5427164854233208,
        "pos_pron": 0.6526225283874924,
        "pos_sconj": 0.7394436618816421,
        "pos_punct": 0.7865770719106618,
        "liwc_ppron": 0.5608319436822252,
        "liwc_ipron": 0.4256286959438274,
        "liwc_article": 0.4671631554486582,
        "liwc_conj": 0.496351327445422,
        "liwc_prep": 0.486468998707837,
        "liwc_auxvb": 0.4990041641337278,
        "liwc_adverb": 0.4806740827964994,
        "liwc_negate": 0.878268028672005,
        "liwc_quant": 0.6461833609403161,
        "propn": 0.021216407355021217,
        "novel_tok": 0.7740719365520586,
        "pos_mean": 0.59783835581281,
        "liwc_mean": 0.5489526397522799
    },
    "1": {
        "utter_diff": 0.7333047513878276,
        "pos_adj": 0.4701928766911148,
        "pos_adv": 0.4913836084767549,
        "pos_intj": 0.5495349664601596,
        "pos_noun": 0.5503076822188461,
        "pos_propn": 0.7423602148891776,
        "pos_verb": 0.5413068185973902,
        "pos_adp": 0.4734539760893933,
        "pos_aux": 0.5634909922192819,
        "pos_cconj": 0.6274482090025407,
        "pos_det": 0.47935825397020754,
        "pos_num": 0.800412937269613,
        "pos_part": 0.5419365908212372,
        "pos_pron": 0.6449435428120082,
        "pos_sconj": 0.7590724260393082,
        "pos_punct": 0.7910543112569651,
        "liwc_ppron": 0.5508133155458639,
        "liwc_ipron": 0.4720685296314346,
        "liwc_article": 0.4552623039461696,
        "liwc_conj": 0.5393842854692609,
        "liwc_prep": 0.4989604361146475,
        "liwc_auxvb": 0.4884900738743322,
        "liwc_adverb": 0.513756064556909,
        "liwc_negate": 0.8277037192455452,
        "liwc_quant": 0.6557658472906823,
        "propn": 0.036775106082036775,
        "novel_tok": 0.7255314123784606,
        "pos_mean": 0.6017504937875999,
        "liwc_mean": 0.5558005084083162
    },
    "2": {
        "utter_diff": 0.7008610021653144,
        "pos_adj": 0.4798550486833054,
        "pos_adv": 0.4716486831385351,
        "pos_intj": 0.5696050491929964,
        "pos_noun": 0.5334376886862044,
        "pos_propn": 0.7989553444701094,
        "pos_verb": 0.5047763006134829,
        "pos_adp": 0.4513633066110467,
        "pos_aux": 0.5742515457415787,
        "pos_cconj": 0.5922504715605857,
        "pos_det": 0.47328081539202516,
        "pos_num": 0.7938151880651951,
        "pos_part": 0.5560696681155933,
        "pos_pron": 0.6371435716467225,
        "pos_sconj": 0.7216033888706801,
        "pos_punct": 0.792413952524537,
        "liwc_ppron": 0.5351603164694431,
        "liwc_ipron": 0.4177176555644322,
        "liwc_article": 0.443441960608759,
        "liwc_conj": 0.4759134364293952,
        "liwc_prep": 0.47745955646560184,
        "liwc_auxvb": 0.47534116587706987,
        "liwc_adverb": 0.4979714838265886,
        "liwc_negate": 0.8450854419173436,
        "liwc_quant": 0.6177831346430231,
        "propn": 0.02263083451202263,
        "novel_tok": 0.7670727465861356,
        "pos_mean": 0.5966980015541732,
        "liwc_mean": 0.5317637946446285
    },
    "3": {
        "utter_diff": 0.7528392321807551,
        "pos_adj": 0.47822565752986246,
        "pos_adv": 0.48704134702719526,
        "pos_intj": 0.581816519922514,
        "pos_noun": 0.5720670848521509,
        "pos_propn": 0.8120525968987162,
        "pos_verb": 0.5500772158945221,
        "pos_adp": 0.5020450023910749,
        "pos_aux": 0.6123706643988219,
        "pos_cconj": 0.6397379143090932,
        "pos_det": 0.4858658900232923,
        "pos_num": 0.7781141313765213,
        "pos_part": 0.5381184061556628,
        "pos_pron": 0.6649464474399874,
        "pos_sconj": 0.7253919968770132,
        "pos_punct": 0.8032147112577143,
        "liwc_ppron": 0.5850327400625825,
        "liwc_ipron": 0.4914274661770813,
        "liwc_article": 0.49237355973865143,
        "liwc_conj": 0.531677519637947,
        "liwc_prep": 0.5318524270708422,
        "liwc_auxvb": 0.5361102071528536,
        "liwc_adverb": 0.48157305803002176,
        "liwc_negate": 0.7945248312996853,
        "liwc_quant": 0.600411442139727,
        "propn": 0.024045261669024046,
        "novel_tok": 0.7160699765929105,
        "pos_mean": 0.615405705756943,
        "liwc_mean": 0.5605536945899324
    },
    "4": {
        "utter_diff": 0.7305550150864667,
        "pos_adj": 0.507891027666211,
        "pos_adv": 0.4884369925926633,
        "pos_intj": 0.5666246656685611,
        "pos_noun": 0.539597540129501,
        "pos_propn": 0.8277061832694289,
        "pos_verb": 0.5455126561386026,
        "pos_adp": 0.4739185160165459,
        "pos_aux": 0.5712439077935847,
        "pos_cconj": 0.6096531424537716,
        "pos_det": 0.5475690241953058,
        "pos_num": 0.7853253542790213,
        "pos_part": 0.5499373314286414,
        "pos_pron": 0.6526901309604564,
        "pos_sconj": 0.7277087661266092,
        "pos_punct": 0.8028233646848201,
        "liwc_ppron": 0.5946407888326586,
        "liwc_ipron": 0.4706680833704582,
        "liwc_article": 0.48866126642027957,
        "liwc_conj": 0.5177102228884432,
        "liwc_prep": 0.4828324359623766,
        "liwc_auxvb": 0.47661081898246266,
        "liwc_adverb": 0.5078627239529584,
        "liwc_negate": 0.8265802691657452,
        "liwc_quant": 0.6230905964815334,
        "propn": 0.03818953323903819,
        "novel_tok": 0.7371362218558005,
        "pos_mean": 0.6131092402269149,
        "liwc_mean": 0.554295245117435
    }
}