{
    "0": {
        "utter_diff": 0.6551630632089077,
        "pos_adj": 0.41309040084976006,
        "pos_adv": 0.48291850530646013,
        "pos_intj": 0.5326092507235315,
        "pos_noun": 0.48570092446108715,
        "pos_propn": 0.6326270603799042,
        "pos_verb": 0.5049954334097791,
        "pos_adp": 0.4641579332860773,
        "pos_aux": 0.6001926399999459,
        "pos_cconj": 0.6228261945596492,
        "pos_det": 0.4315255396741608,
        "pos_num": 0.8862433026624756,
        "pos_part": 0.5378342076570531,
        "pos_pron": 0.6147647677867952,
        "pos_sconj": 0.7149233295878211,
        "pos_punct": 0.7590403485796476,
        "liwc_ppron": 0.5531712621273479,
        "liwc_ipron": 0.41225941568614466,
        "liwc_article": 0.4340543501453085,
        "liwc_conj": 0.4544053356187494,
        "liwc_prep": 0.45767249381793085,
        "liwc_auxvb": 0.4773070269608243,
        "liwc_adverb": 0.44495904064678976,
        "liwc_negate": 0.863075643822777,
        "liwc_quant": 0.6594601642583394,
        "propn": 0.0297029702970297,
        "novel_tok": 0.7694165946320557,
        "pos_mean": 0.5788966559282767,
        "liwc_mean": 0.5284849703426902
    },
    "1": {
        "utter_diff": 0.6721812733118363,
        "pos_adj": 0.4263392306472156,
        "pos_adv": 0.44851053808335795,
        "pos_intj": 0.5124047300806708,
        "pos_noun": 0.5187380680328584,
        "pos_propn": 0.7247718556185122,
        "pos_verb": 0.4811757529232477,
        "pos_adp": 0.4550556572428368,
        "pos_aux": 0.5438145833141647,
        "pos_cconj": 0.6181592453471293,
        "pos_det": 0.46148864369209347,
        "pos_num": 0.8373835392205912,
        "pos_part": 0.5346407097196895,
        "pos_pron": 0.6003957968509087,
        "pos_sconj": 0.7164034975068634,
        "pos_punct": 0.7583991171906027,
        "liwc_ppron": 0.5408875226314372,
        "liwc_ipron": 0.44635451777566565,
        "liwc_article": 0.4832479295327145,
        "liwc_conj": 0.49899643910976765,
        "liwc_prep": 0.47768064365073815,
        "liwc_auxvb": 0.4777054456023165,
        "liwc_adverb": 0.4486685913047206,
        "liwc_negate": 0.816318596367845,
        "liwc_quant": 0.6253839887213009,
        "propn": 0.026874115983026876,
        "novel_tok": 0.7255480592591267,
        "pos_mean": 0.5758453976980495,
        "liwc_mean": 0.5350270749662784
    },
    "2": {
        "utter_diff": 0.6587309553619555,
        "pos_adj": 0.4450600158792037,
        "pos_adv": 0.45334922772689656,
        "pos_intj": 0.537761377717772,
        "pos_noun": 0.49616701161468096,
        "pos_propn": 0.7873559717610202,
        "pos_verb": 0.4874357680453359,
        "pos_adp": 0.4459056800885194,
        "pos_aux": 0.5586789935642564,
        "pos_cconj": 0.5781279627815145,
        "pos_det": 0.4626562404965934,
        "pos_num": 0.8521577030990156,
        "pos_part": 0.5390766751360527,
        "pos_pron": 0.6016832833198527,
        "pos_sconj": 0.7010312033417535,
        "pos_punct": 0.7574676674814901,
        "liwc_ppron": 0.5254543915847674,
        "liwc_ipron": 0.411145435812772,
        "liwc_article": 0.4194750729362131,
        "liwc_conj": 0.4668568590675454,
        "liwc_prep": 0.45674046131428586,
        "liwc_auxvb": 0.4634240160518671,
        "liwc_adverb": 0.4415195428906854,
        "liwc_negate": 0.8290791340812439,
        "liwc_quant": 0.619248698296019,
        "propn": 0.02263083451202263,
        "novel_tok": 0.7651910509329835,
        "pos_mean": 0.5802609854702638,
        "liwc_mean": 0.5147715124483777
    },
    "3": {
        "utter_diff": 0.693782930336004,
        "pos_adj": 0.46636699942416154,
        "pos_adv": 0.4747691960149247,
        "pos_intj": 0.5686582347546774,
        "pos_noun": 0.5437898712297019,
        "pos_propn": 0.8027372025870323,
        "pos_verb": 0.5158870155940036,
        "pos_adp": 0.47285841541375645,
        "pos_aux": 0.5867120985952369,
        "pos_cconj": 0.6321583221691874,
        "pos_det": 0.4625176151156996,
        "pos_num": 0.8256117990266463,
        "pos_part": 0.5628694142595041,
        "pos_pron": 0.6323146332298841,
        "pos_sconj": 0.7216743593868761,
        "pos_punct": 0.7674614527173386,
        "liwc_ppron": 0.5629951669784231,
        "liwc_ipron": 0.48862420647050814,
        "liwc_article": 0.48530205027486417,
        "liwc_conj": 0.5233748318618259,
        "liwc_prep": 0.5110311636881287,
        "liwc_auxvb": 0.49516841453983057,
        "liwc_adverb": 0.46555247831346197,
        "liwc_negate": 0.7695604248664831,
        "liwc_quant": 0.6193215291452511,
        "propn": 0.018387553041018388,
        "novel_tok": 0.7179766283428904,
        "pos_mean": 0.6024257753012421,
        "liwc_mean": 0.5467700295709752
    },
    "4": {
        "utter_diff": 0.6730238562011885,
        "pos_adj": 0.46966826165369163,
        "pos_adv": 0.4662227343733947,
        "pos_intj": 0.5217125501749944,
        "pos_noun": 0.5486453797640267,
        "pos_propn": 0.8140526375603595,
        "pos_verb": 0.5552094573830744,
        "pos_adp": 0.4419479115071483,
        "pos_aux": 0.5577311154496772,
        "pos_cconj": 0.6212860355649286,
        "pos_det": 0.5015036506243223,
        "pos_num": 0.8392457804608714,
        "pos_part": 0.5756375715128019,
        "pos_pron": 0.6287890773212624,
        "pos_sconj": 0.7099477780382226,
        "pos_punct": 0.7636029727405509,
        "liwc_ppron": 0.5816410294811731,
        "liwc_ipron": 0.47807224896308165,
        "liwc_article": 0.46833463437800554,
        "liwc_conj": 0.4906352562471834,
        "liwc_prep": 0.4506211017431419,
        "liwc_auxvb": 0.46259490533318987,
        "liwc_adverb": 0.4639175444670557,
        "liwc_negate": 0.809403636461044,
        "liwc_quant": 0.5945919174104911,
        "propn": 0.04809052333804809,
        "novel_tok": 0.7278290323206341,
        "pos_mean": 0.6010135276086217,
        "liwc_mean": 0.5333124749427074
    }
}