{
    "0": {
        "utter_diff": 0.41886673939858726,
        "pos_adj": 0.6043503737993807,
        "pos_adv": 0.504660396225431,
        "pos_intj": 0.5417079719422279,
        "pos_noun": 0.772749530793929,
        "pos_propn": 0.24299621063624,
        "pos_verb": 0.708721786014034,
        "pos_adp": 0.5326615764339301,
        "pos_aux": 0.5782713167964263,
        "pos_cconj": 0.426045515300566,
        "pos_det": 0.7323349232488311,
        "pos_num": 0.39056231072473047,
        "pos_part": 0.34043742515231634,
        "pos_pron": 0.6663748419022592,
        "pos_sconj": 0.35854046520127186,
        "pos_punct": 0.7824249227097638,
        "liwc_ppron": 0.40323872307756736,
        "liwc_ipron": 0.5008723029713421,
        "liwc_article": 0.6998914505073746,
        "liwc_conj": 0.49386420390009894,
        "liwc_prep": 0.568731050807395,
        "liwc_auxvb": 0.5421106350663074,
        "liwc_adverb": 0.4763828515738886,
        "liwc_negate": 0.6620672930439514,
        "liwc_quant": 0.2901086800521659,
        "propn": 0.298,
        "novel_tok": 0.5787544243472409,
        "pos_mean": 0.5455226377920892,
        "liwc_mean": 0.5152519101111213
    },
    "1": {
        "utter_diff": 0.43232930213706317,
        "pos_adj": 0.3719461039537441,
        "pos_adv": 0.36204981672657044,
        "pos_intj": 0.5604897605999826,
        "pos_noun": 0.4964971244966472,
        "pos_propn": 0.49445212192413834,
        "pos_verb": 0.4972331825244129,
        "pos_adp": 0.4152354278454593,
        "pos_aux": 0.40451034736729197,
        "pos_cconj": 0.43866609920147726,
        "pos_det": 0.37426631678705463,
        "pos_num": 0.6889298436424698,
        "pos_part": 0.4344026798859551,
        "pos_pron": 0.5202124658604934,
        "pos_sconj": 0.6047599276073031,
        "pos_punct": 0.7264730119490144,
        "liwc_ppron": 0.36734721711460266,
        "liwc_ipron": 0.3454854661138621,
        "liwc_article": 0.35070701465090526,
        "liwc_conj": 0.4196325408762881,
        "liwc_prep": 0.43102392493702213,
        "liwc_auxvb": 0.431169813591439,
        "liwc_adverb": 0.3850618939317682,
        "liwc_negate": 0.7218235956666457,
        "liwc_quant": 0.471972101662413,
        "propn": 0.133,
        "novel_tok": 0.6936408498684103,
        "pos_mean": 0.49267494869146766,
        "liwc_mean": 0.43602484094943844
    },
    "2": {
        "utter_diff": 0.6860192438723565,
        "pos_adj": 0.4410638436096717,
        "pos_adv": 0.45910556377103817,
        "pos_intj": 0.68816126746074,
        "pos_noun": 0.699844197541735,
        "pos_propn": 0.4390826319101737,
        "pos_verb": 0.6599636845114298,
        "pos_adp": 0.4828135846411962,
        "pos_aux": 0.5385441804766067,
        "pos_cconj": 0.4260081845109204,
        "pos_det": 0.6439672293120672,
        "pos_num": 0.6913673159657338,
        "pos_part": 0.47071060526059866,
        "pos_pron": 0.6119909012350884,
        "pos_sconj": 0.4814386313255527,
        "pos_punct": 0.7627988020607651,
        "liwc_ppron": 0.4147556942655433,
        "liwc_ipron": 0.5354955429428981,
        "liwc_article": 0.5320208212265821,
        "liwc_conj": 0.4399345134348801,
        "liwc_prep": 0.5230954149751008,
        "liwc_auxvb": 0.5108196893573707,
        "liwc_adverb": 0.4897632269065735,
        "liwc_negate": 0.7802923192406779,
        "liwc_quant": 0.4885552823931927,
        "propn": 0.113,
        "novel_tok": 0.7005679004729962,
        "pos_mean": 0.5664573749062212,
        "liwc_mean": 0.5238591671936467
    },
    "3": {
        "utter_diff": 0.45130848873907325,
        "pos_adj": 0.5857228084691396,
        "pos_adv": 0.5756236794787899,
        "pos_intj": 0.4061836383396605,
        "pos_noun": 0.7328383609693044,
        "pos_propn": 0.42625087950854784,
        "pos_verb": 0.6758288610375532,
        "pos_adp": 0.5265611532180862,
        "pos_aux": 0.545811480548687,
        "pos_cconj": 0.46136860588384915,
        "pos_det": 0.698678851373159,
        "pos_num": 0.48527784946650204,
        "pos_part": 0.37772238704192324,
        "pos_pron": 0.6579983187765531,
        "pos_sconj": 0.3103025572777737,
        "pos_punct": 0.7648666082023811,
        "liwc_ppron": 0.39315449563786553,
        "liwc_ipron": 0.5603843153203928,
        "liwc_article": 0.6338867414244617,
        "liwc_conj": 0.49768413399011086,
        "liwc_prep": 0.5524043821685493,
        "liwc_auxvb": 0.5316098373092865,
        "liwc_adverb": 0.5293478782365181,
        "liwc_negate": 0.548839757726588,
        "liwc_quant": 0.340193048892662,
        "propn": 0.157,
        "novel_tok": 0.5893535189368736,
        "pos_mean": 0.548735735972794,
        "liwc_mean": 0.509722732300715
    },
    "4": {
        "utter_diff": 0.6649894484264817,
        "pos_adj": 0.4656465205928045,
        "pos_adv": 0.4443655600932735,
        "pos_intj": 0.6351929463246484,
        "pos_noun": 0.6764133741783092,
        "pos_propn": 0.5404955320402007,
        "pos_verb": 0.6401545355549156,
        "pos_adp": 0.46565870384595043,
        "pos_aux": 0.5100770502240868,
        "pos_cconj": 0.41858028577246137,
        "pos_det": 0.629998616911903,
        "pos_num": 0.728260641923938,
        "pos_part": 0.4837632882694827,
        "pos_pron": 0.594195986669139,
        "pos_sconj": 0.47830890523473396,
        "pos_punct": 0.7574356246681607,
        "liwc_ppron": 0.44367802658920685,
        "liwc_ipron": 0.5397154270454374,
        "liwc_article": 0.52338046746101,
        "liwc_conj": 0.4346441012825618,
        "liwc_prep": 0.4923983650243032,
        "liwc_auxvb": 0.4996634751857873,
        "liwc_adverb": 0.4885689651329901,
        "liwc_negate": 0.7758291555663723,
        "liwc_quant": 0.477962509156862,
        "propn": 0.215,
        "novel_tok": 0.672542085975317,
        "pos_mean": 0.5645698381536004,
        "liwc_mean": 0.5195378324938368
    }
}