{
    "0": {
        "utter_diff": 0.5928607831544891,
        "pos_adj": 0.4224774428722976,
        "pos_adv": 0.4280985534889471,
        "pos_intj": 0.6803679673785372,
        "pos_noun": 0.43331717627940075,
        "pos_propn": 0.6169415080181824,
        "pos_verb": 0.5252621477919394,
        "pos_adp": 0.41302921996728403,
        "pos_aux": 0.548378792511957,
        "pos_cconj": 0.6262317183661357,
        "pos_det": 0.4044691543179197,
        "pos_num": 0.8846243679881847,
        "pos_part": 0.3601520108949593,
        "pos_pron": 0.6534350700177524,
        "pos_sconj": 0.6981189923176884,
        "pos_punct": 0.7605195425556444,
        "liwc_ppron": 0.5833748477938937,
        "liwc_ipron": 0.4202689285936154,
        "liwc_article": 0.41397137516007176,
        "liwc_conj": 0.5309618453927117,
        "liwc_prep": 0.4086813849479933,
        "liwc_auxvb": 0.3905081075034548,
        "liwc_adverb": 0.4443369763533958,
        "liwc_negate": 0.5496505881585466,
        "liwc_quant": 0.65928318124363,
        "propn": 0.038,
        "novel_tok": 0.7034498293392784,
        "pos_mean": 0.5636949109844553,
        "liwc_mean": 0.4890041372385903
    },
    "1": {
        "utter_diff": 0.5924548784204325,
        "pos_adj": 0.4241797371019184,
        "pos_adv": 0.4422396307886822,
        "pos_intj": 0.6721593561766859,
        "pos_noun": 0.44824080046453835,
        "pos_propn": 0.6941328860451997,
        "pos_verb": 0.47852530544255123,
        "pos_adp": 0.41571311068436045,
        "pos_aux": 0.5108606412950195,
        "pos_cconj": 0.6669914061104876,
        "pos_det": 0.39764805197991626,
        "pos_num": 0.8956534577064749,
        "pos_part": 0.38047172725934403,
        "pos_pron": 0.617755850812786,
        "pos_sconj": 0.7193232686012063,
        "pos_punct": 0.7414443157783169,
        "liwc_ppron": 0.5399203125861384,
        "liwc_ipron": 0.43753092522850356,
        "liwc_article": 0.4063097503380996,
        "liwc_conj": 0.56475212862339,
        "liwc_prep": 0.4137075075726159,
        "liwc_auxvb": 0.41882388337592713,
        "liwc_adverb": 0.4586929391524046,
        "liwc_negate": 0.5472258877107031,
        "liwc_quant": 0.6730049693052033,
        "propn": 0.045,
        "novel_tok": 0.6910573977164757,
        "pos_mean": 0.5670226364164993,
        "liwc_mean": 0.49555203376588725
    },
    "2": {
        "utter_diff": 0.6052581809247183,
        "pos_adj": 0.43730234405046314,
        "pos_adv": 0.43846614586223776,
        "pos_intj": 0.6674256147711821,
        "pos_noun": 0.45115648492426363,
        "pos_propn": 0.6792806713885213,
        "pos_verb": 0.4942953480015759,
        "pos_adp": 0.41776753025206864,
        "pos_aux": 0.5208154342277218,
        "pos_cconj": 0.618874112725511,
        "pos_det": 0.41153018216295384,
        "pos_num": 0.8850130592350094,
        "pos_part": 0.3784790114661577,
        "pos_pron": 0.6175575125955771,
        "pos_sconj": 0.7024568073103141,
        "pos_punct": 0.7557449270779807,
        "liwc_ppron": 0.5669803581716681,
        "liwc_ipron": 0.4256979787583422,
        "liwc_article": 0.39563288767223054,
        "liwc_conj": 0.5146475789232617,
        "liwc_prep": 0.4293277168249217,
        "liwc_auxvb": 0.42784315672647033,
        "liwc_adverb": 0.41934721285273785,
        "liwc_negate": 0.5407784982101564,
        "liwc_quant": 0.6520097510956855,
        "propn": 0.032,
        "novel_tok": 0.6984154043584699,
        "pos_mean": 0.5650776790701025,
        "liwc_mean": 0.48580723769283046
    },
    "3": {
        "utter_diff": 0.6027008691716107,
        "pos_adj": 0.4333203488309459,
        "pos_adv": 0.45409888026364525,
        "pos_intj": 0.6815799718244585,
        "pos_noun": 0.4588337599097733,
        "pos_propn": 0.7221208805187106,
        "pos_verb": 0.5059220531254672,
        "pos_adp": 0.4365002312595963,
        "pos_aux": 0.5179959958104833,
        "pos_cconj": 0.6396794041688869,
        "pos_det": 0.42257543789219126,
        "pos_num": 0.8914952424341782,
        "pos_part": 0.4032739002680007,
        "pos_pron": 0.6187607745331871,
        "pos_sconj": 0.7320252121538158,
        "pos_punct": 0.7510427092288167,
        "liwc_ppron": 0.5469942238731295,
        "liwc_ipron": 0.4468251269281707,
        "liwc_article": 0.4399489160955474,
        "liwc_conj": 0.5644406224817529,
        "liwc_prep": 0.4160022692675575,
        "liwc_auxvb": 0.44175836620013315,
        "liwc_adverb": 0.4710582913076088,
        "liwc_negate": 0.5563943984356376,
        "liwc_quant": 0.65152222731409,
        "propn": 0.077,
        "novel_tok": 0.6733943888596237,
        "pos_mean": 0.5779483201481438,
        "liwc_mean": 0.5038827157670698
    },
    "4": {
        "utter_diff": 0.602085050795458,
        "pos_adj": 0.4323127338323294,
        "pos_adv": 0.45777428569190726,
        "pos_intj": 0.6577327657028311,
        "pos_noun": 0.4727109788925746,
        "pos_propn": 0.7276630347650792,
        "pos_verb": 0.5282351143821754,
        "pos_adp": 0.4500994142291826,
        "pos_aux": 0.5242215506951022,
        "pos_cconj": 0.6189048087457617,
        "pos_det": 0.43321967112391213,
        "pos_num": 0.8890514932933609,
        "pos_part": 0.4307365159313937,
        "pos_pron": 0.6245149696167864,
        "pos_sconj": 0.6963057315623385,
        "pos_punct": 0.7660719637578352,
        "liwc_ppron": 0.5673192017702405,
        "liwc_ipron": 0.44114973284528214,
        "liwc_article": 0.44303163977296645,
        "liwc_conj": 0.532895082320284,
        "liwc_prep": 0.43943623529324616,
        "liwc_auxvb": 0.4382984618097921,
        "liwc_adverb": 0.48331395819253925,
        "liwc_negate": 0.5556580807699213,
        "liwc_quant": 0.658379074569611,
        "propn": 0.09,
        "novel_tok": 0.67847969532974,
        "pos_mean": 0.5806370021481714,
        "liwc_mean": 0.506609051927098
    }
}