{
    "0": {
        "utter_diff": 0.43213476456409244,
        "pos_adj": 0.5025402334221156,
        "pos_adv": 0.3606661288001662,
        "pos_intj": 0.3365524561157247,
        "pos_noun": 0.7094754298383904,
        "pos_propn": 0.21191471892035577,
        "pos_verb": 0.6108039425582936,
        "pos_adp": 0.55680410663666,
        "pos_aux": 0.5920857814169842,
        "pos_cconj": 0.34994456577412886,
        "pos_det": 0.6895576516446119,
        "pos_num": 0.3714216720370126,
        "pos_part": 0.3296840969856345,
        "pos_pron": 0.5984045829651847,
        "pos_sconj": 0.36291773386834514,
        "pos_punct": 0.8105253622205423,
        "liwc_ppron": 0.4707511017727605,
        "liwc_ipron": 0.4417276194553921,
        "liwc_article": 0.6352336965174159,
        "liwc_conj": 0.39305489511156877,
        "liwc_prep": 0.6233890062741317,
        "liwc_auxvb": 0.5031299921614475,
        "liwc_adverb": 0.45821567931808166,
        "liwc_negate": 0.6560665832606966,
        "liwc_quant": 0.2877906516841852,
        "propn": 0.268,
        "novel_tok": 0.4423126904737804,
        "pos_mean": 0.49288656421361005,
        "liwc_mean": 0.49659546950618666
    },
    "1": {
        "utter_diff": 0.4375178349350458,
        "pos_adj": 0.39042297975838886,
        "pos_adv": 0.4117186632060854,
        "pos_intj": 0.3375906877036155,
        "pos_noun": 0.4892480429974466,
        "pos_propn": 0.4887871972229366,
        "pos_verb": 0.4774544763135697,
        "pos_adp": 0.424108420037381,
        "pos_aux": 0.4399854100029754,
        "pos_cconj": 0.5088076619828056,
        "pos_det": 0.382054617824901,
        "pos_num": 0.6907385610712072,
        "pos_part": 0.4513969866630924,
        "pos_pron": 0.5716277190773462,
        "pos_sconj": 0.503944847197191,
        "pos_punct": 0.7028352452833446,
        "liwc_ppron": 0.48039139310633977,
        "liwc_ipron": 0.37785851103544876,
        "liwc_article": 0.38921374159466454,
        "liwc_conj": 0.45801155900811885,
        "liwc_prep": 0.45634463677581844,
        "liwc_auxvb": 0.4394216932768489,
        "liwc_adverb": 0.3924446354336738,
        "liwc_negate": 0.709963012528063,
        "liwc_quant": 0.49558884967279543,
        "propn": 0.088,
        "novel_tok": 0.5557575176810929,
        "pos_mean": 0.4847147677561524,
        "liwc_mean": 0.46658200360353025
    },
    "2": {
        "utter_diff": 0.6782988578045431,
        "pos_adj": 0.4596003721020067,
        "pos_adv": 0.42864841478241245,
        "pos_intj": 0.333389157558696,
        "pos_noun": 0.6633111190179404,
        "pos_propn": 0.4180639873128599,
        "pos_verb": 0.5706174381159679,
        "pos_adp": 0.5133158140581146,
        "pos_aux": 0.6652967732473143,
        "pos_cconj": 0.4388929793861135,
        "pos_det": 0.6156804545047223,
        "pos_num": 0.6925151238720709,
        "pos_part": 0.42449868982965155,
        "pos_pron": 0.6300697087174754,
        "pos_sconj": 0.46347427874963004,
        "pos_punct": 0.7851434212198509,
        "liwc_ppron": 0.5132568286510988,
        "liwc_ipron": 0.5115268825162697,
        "liwc_article": 0.5328365518551358,
        "liwc_conj": 0.42315167127660475,
        "liwc_prep": 0.5678148394638519,
        "liwc_auxvb": 0.528930886963204,
        "liwc_adverb": 0.46699248256444154,
        "liwc_negate": 0.7522388601115554,
        "liwc_quant": 0.4858367482271664,
        "propn": 0.085,
        "novel_tok": 0.5788219276117755,
        "pos_mean": 0.5401678488316553,
        "liwc_mean": 0.5313984168477032
    },
    "3": {
        "utter_diff": 0.47373065924948415,
        "pos_adj": 0.5221458758125793,
        "pos_adv": 0.4050572602826457,
        "pos_intj": 0.408496743590947,
        "pos_noun": 0.6924829407181069,
        "pos_propn": 0.4357197784825815,
        "pos_verb": 0.614042203093138,
        "pos_adp": 0.5671848155519663,
        "pos_aux": 0.685168719777312,
        "pos_cconj": 0.42065141782983023,
        "pos_det": 0.6836865535808397,
        "pos_num": 0.500063494293178,
        "pos_part": 0.37150439373071376,
        "pos_pron": 0.6883800403086272,
        "pos_sconj": 0.3851857991729615,
        "pos_punct": 0.8003728981060013,
        "liwc_ppron": 0.5481319782687809,
        "liwc_ipron": 0.5488465019298493,
        "liwc_article": 0.6062537227138176,
        "liwc_conj": 0.4459908954680653,
        "liwc_prep": 0.6242648189973492,
        "liwc_auxvb": 0.5617459479220321,
        "liwc_adverb": 0.5323762646435349,
        "liwc_negate": 0.5553208771644073,
        "liwc_quant": 0.3639687615446482,
        "propn": 0.214,
        "novel_tok": 0.40085351679967546,
        "pos_mean": 0.5453428622887618,
        "liwc_mean": 0.5318777520724983
    },
    "4": {
        "utter_diff": 0.6760696799793467,
        "pos_adj": 0.4988913957854274,
        "pos_adv": 0.43614361305490523,
        "pos_intj": 0.3424139813450827,
        "pos_noun": 0.6690390558772756,
        "pos_propn": 0.5379342097249464,
        "pos_verb": 0.5966946716020022,
        "pos_adp": 0.5236481787225612,
        "pos_aux": 0.6529568049734041,
        "pos_cconj": 0.4592420856016217,
        "pos_det": 0.6419994733140846,
        "pos_num": 0.7219292532881803,
        "pos_part": 0.5095376996738371,
        "pos_pron": 0.629311199929444,
        "pos_sconj": 0.4804640687717653,
        "pos_punct": 0.7794183898628915,
        "liwc_ppron": 0.5464844966007634,
        "liwc_ipron": 0.5399031977727978,
        "liwc_article": 0.5440018209314775,
        "liwc_conj": 0.41528328799498854,
        "liwc_prep": 0.5625729065968565,
        "liwc_auxvb": 0.5586597801117674,
        "liwc_adverb": 0.5033124382247558,
        "liwc_negate": 0.7633658513623292,
        "liwc_quant": 0.5351422436801546,
        "propn": 0.183,
        "novel_tok": 0.5213520624308778,
        "pos_mean": 0.5653082721018287,
        "liwc_mean": 0.5520806692528768
    }
}