{
    "0": {
        "utter_diff": 0.40970643272020846,
        "pos_adj": 0.4637030773633654,
        "pos_adv": 0.3087922162371628,
        "pos_intj": 0.34461353209471934,
        "pos_noun": 0.6600102072587548,
        "pos_propn": 0.1876342927194459,
        "pos_verb": 0.540402763115144,
        "pos_adp": 0.5008988030073336,
        "pos_aux": 0.5710954260986343,
        "pos_cconj": 0.31452957138601034,
        "pos_det": 0.6492994128748276,
        "pos_num": 0.3872030384726681,
        "pos_part": 0.308191141025184,
        "pos_pron": 0.5784588895467373,
        "pos_sconj": 0.35181908636963444,
        "pos_punct": 0.7985643061971153,
        "liwc_ppron": 0.4398559146019165,
        "liwc_ipron": 0.3864944547496156,
        "liwc_article": 0.5978697972294775,
        "liwc_conj": 0.3511677575475908,
        "liwc_prep": 0.5825592819292691,
        "liwc_auxvb": 0.445384656157095,
        "liwc_adverb": 0.427850864202016,
        "liwc_negate": 0.6221266409514667,
        "liwc_quant": 0.27892742309364765,
        "propn": 0.234,
        "novel_tok": 0.4148327671044509,
        "pos_mean": 0.4643477175844491,
        "liwc_mean": 0.459137421162455
    },
    "1": {
        "utter_diff": 0.4290906554695272,
        "pos_adj": 0.3935538543260561,
        "pos_adv": 0.4222728079829791,
        "pos_intj": 0.3448803318551476,
        "pos_noun": 0.4645177779510418,
        "pos_propn": 0.47816274577803664,
        "pos_verb": 0.43659946653769605,
        "pos_adp": 0.43378058144678755,
        "pos_aux": 0.4452048986530192,
        "pos_cconj": 0.47809853785290896,
        "pos_det": 0.3608453926936283,
        "pos_num": 0.711776651787809,
        "pos_part": 0.4491200773995266,
        "pos_pron": 0.5489746384317061,
        "pos_sconj": 0.5362917990922892,
        "pos_punct": 0.6939259612896418,
        "liwc_ppron": 0.4507328180902545,
        "liwc_ipron": 0.3777100055689986,
        "liwc_article": 0.3600013484245789,
        "liwc_conj": 0.43571054104618645,
        "liwc_prep": 0.45435091428741053,
        "liwc_auxvb": 0.43515785469604096,
        "liwc_adverb": 0.3982920023683874,
        "liwc_negate": 0.6943972533132151,
        "liwc_quant": 0.5099522298457537,
        "propn": 0.087,
        "novel_tok": 0.5222935719373604,
        "pos_mean": 0.4798670348718849,
        "liwc_mean": 0.4573672186267584
    },
    "2": {
        "utter_diff": 0.6602010168733035,
        "pos_adj": 0.4353133408667293,
        "pos_adv": 0.38521503692754067,
        "pos_intj": 0.35178417335851553,
        "pos_noun": 0.6088043645825416,
        "pos_propn": 0.4460427605937511,
        "pos_verb": 0.5292646435467835,
        "pos_adp": 0.48567567038363324,
        "pos_aux": 0.6397439532207863,
        "pos_cconj": 0.4556931922499232,
        "pos_det": 0.5921710628672849,
        "pos_num": 0.7275445826682583,
        "pos_part": 0.4364809556272669,
        "pos_pron": 0.6057503303354284,
        "pos_sconj": 0.46652489584745727,
        "pos_punct": 0.7733729804122765,
        "liwc_ppron": 0.48957732362953615,
        "liwc_ipron": 0.4747575169648303,
        "liwc_article": 0.4999254496191836,
        "liwc_conj": 0.3762716224739288,
        "liwc_prep": 0.5436036043016036,
        "liwc_auxvb": 0.4839474918369074,
        "liwc_adverb": 0.44835993805893526,
        "liwc_negate": 0.7297508628285685,
        "liwc_quant": 0.49038038317882154,
        "propn": 0.082,
        "novel_tok": 0.5438332675173165,
        "pos_mean": 0.5292921295658783,
        "liwc_mean": 0.5040637992102571
    },
    "3": {
        "utter_diff": 0.44906761880932156,
        "pos_adj": 0.5009732729754913,
        "pos_adv": 0.3586251650420694,
        "pos_intj": 0.43236262815296267,
        "pos_noun": 0.6695006736157351,
        "pos_propn": 0.42543538216313964,
        "pos_verb": 0.5589228054861991,
        "pos_adp": 0.53416484993718,
        "pos_aux": 0.6721479698270216,
        "pos_cconj": 0.38108417606230743,
        "pos_det": 0.6708816840921156,
        "pos_num": 0.4901358211154337,
        "pos_part": 0.36529706110417054,
        "pos_pron": 0.6592036067140088,
        "pos_sconj": 0.38605329771914076,
        "pos_punct": 0.7959131412758806,
        "liwc_ppron": 0.5106964319981968,
        "liwc_ipron": 0.5054703679453953,
        "liwc_article": 0.5980751911684195,
        "liwc_conj": 0.40299168648588723,
        "liwc_prep": 0.592472849855497,
        "liwc_auxvb": 0.521125851450592,
        "liwc_adverb": 0.4950000704745108,
        "liwc_negate": 0.5398106833975802,
        "liwc_quant": 0.33896783044344647,
        "propn": 0.174,
        "novel_tok": 0.36748490042559573,
        "pos_mean": 0.5267134356855238,
        "liwc_mean": 0.5005123292466139
    },
    "4": {
        "utter_diff": 0.6550327888469506,
        "pos_adj": 0.48186446264051613,
        "pos_adv": 0.4240996121134533,
        "pos_intj": 0.3657152671253281,
        "pos_noun": 0.6310515573165248,
        "pos_propn": 0.5489976514358881,
        "pos_verb": 0.5397978899257148,
        "pos_adp": 0.5154105246528285,
        "pos_aux": 0.6463489409177208,
        "pos_cconj": 0.4729967773982899,
        "pos_det": 0.6134865260984562,
        "pos_num": 0.7557109766630657,
        "pos_part": 0.48854737639611334,
        "pos_pron": 0.6078600161309788,
        "pos_sconj": 0.5009212444302734,
        "pos_punct": 0.7738929342420117,
        "liwc_ppron": 0.5243812293692691,
        "liwc_ipron": 0.5115958916453288,
        "liwc_article": 0.5057414934633763,
        "liwc_conj": 0.3769727961014097,
        "liwc_prep": 0.5498032192628594,
        "liwc_auxvb": 0.5079080801750798,
        "liwc_adverb": 0.4842236335985433,
        "liwc_negate": 0.7351122106971676,
        "liwc_quant": 0.5259542331382128,
        "propn": 0.203,
        "novel_tok": 0.4757613750638731,
        "pos_mean": 0.5577801171658108,
        "liwc_mean": 0.5246325319390274
    }
}