{
    "0": {
        "utter_diff": 0.7606583927619711,
        "pos_adj": 0.44888243263425925,
        "pos_adv": 0.600259861892965,
        "pos_intj": 0.563565204924185,
        "pos_noun": 0.5254541190835579,
        "pos_propn": 0.6564179677484715,
        "pos_verb": 0.4970009982218963,
        "pos_adp": 0.49337138113933804,
        "pos_aux": 0.5736851415553332,
        "pos_cconj": 0.7563628124011297,
        "pos_det": 0.4638233056958091,
        "pos_num": 0.8685478646673002,
        "pos_part": 0.5609750130795746,
        "pos_pron": 0.6282851230668474,
        "pos_sconj": 0.7714978296861255,
        "pos_punct": 0.790982941280406,
        "liwc_ppron": 0.516884787254975,
        "liwc_ipron": 0.45188440944866065,
        "liwc_article": 0.4754160568577672,
        "liwc_conj": 0.5826554079221726,
        "liwc_prep": 0.5073285009405903,
        "liwc_auxvb": 0.4736283509949264,
        "liwc_adverb": 0.5721410734809247,
        "liwc_negate": 0.9079901141301029,
        "liwc_quant": 0.7272707953046289,
        "propn": 0.014144271570014143,
        "novel_tok": 0.7767386807694617,
        "pos_mean": 0.6132741331384799,
        "liwc_mean": 0.579466610703861
    },
    "1": {
        "utter_diff": 0.7505675999848522,
        "pos_adj": 0.4496077306711485,
        "pos_adv": 0.5821313393801809,
        "pos_intj": 0.5398500446054175,
        "pos_noun": 0.5369759083312402,
        "pos_propn": 0.7679885375685636,
        "pos_verb": 0.4834998953903532,
        "pos_adp": 0.4782316533060875,
        "pos_aux": 0.5150334348203393,
        "pos_cconj": 0.7209244793142978,
        "pos_det": 0.4636404586893499,
        "pos_num": 0.8002037626788758,
        "pos_part": 0.5721542684475641,
        "pos_pron": 0.6206138901046723,
        "pos_sconj": 0.7715286676757935,
        "pos_punct": 0.7897277941792672,
        "liwc_ppron": 0.4973204279114297,
        "liwc_ipron": 0.4659898765947114,
        "liwc_article": 0.4797368394376392,
        "liwc_conj": 0.5989505638764264,
        "liwc_prep": 0.49325930831637604,
        "liwc_auxvb": 0.5045741938785696,
        "liwc_adverb": 0.5536290244531393,
        "liwc_negate": 0.8592968608098263,
        "liwc_quant": 0.6962517783362936,
        "propn": 0.028288543140028287,
        "novel_tok": 0.7255955583484349,
        "pos_mean": 0.6061407910108767,
        "liwc_mean": 0.5721120970682679
    },
    "2": {
        "utter_diff": 0.7376725186376208,
        "pos_adj": 0.4788011647859543,
        "pos_adv": 0.5184715649084009,
        "pos_intj": 0.585928630908072,
        "pos_noun": 0.53932246365554,
        "pos_propn": 0.8114157655389806,
        "pos_verb": 0.4980246541364574,
        "pos_adp": 0.4642685429521461,
        "pos_aux": 0.5189220578953504,
        "pos_cconj": 0.6997037541125207,
        "pos_det": 0.5012530728865008,
        "pos_num": 0.810464310472022,
        "pos_part": 0.5992813831426045,
        "pos_pron": 0.6202398652503737,
        "pos_sconj": 0.7511909292614363,
        "pos_punct": 0.7898742408329077,
        "liwc_ppron": 0.5107716457797359,
        "liwc_ipron": 0.45356745102487595,
        "liwc_article": 0.4858289732693209,
        "liwc_conj": 0.5427226403145128,
        "liwc_prep": 0.4598814357809841,
        "liwc_auxvb": 0.4498875281593341,
        "liwc_adverb": 0.5092504909869454,
        "liwc_negate": 0.8672768714367947,
        "liwc_quant": 0.662499641706888,
        "propn": 0.01272984441301273,
        "novel_tok": 0.7741899727013875,
        "pos_mean": 0.6124774933826178,
        "liwc_mean": 0.549076297606599
    },
    "3": {
        "utter_diff": 0.7553518666809497,
        "pos_adj": 0.4963490065268966,
        "pos_adv": 0.509283075210011,
        "pos_intj": 0.5400565230048384,
        "pos_noun": 0.5642656865294012,
        "pos_propn": 0.8187737619894572,
        "pos_verb": 0.4962104686834162,
        "pos_adp": 0.5085642067857198,
        "pos_aux": 0.5446024842364917,
        "pos_cconj": 0.7087951764594469,
        "pos_det": 0.48802139922046756,
        "pos_num": 0.7939234244876177,
        "pos_part": 0.6134326722243725,
        "pos_pron": 0.6538395648276032,
        "pos_sconj": 0.747631019266528,
        "pos_punct": 0.7967250004211186,
        "liwc_ppron": 0.5330273075175578,
        "liwc_ipron": 0.5446351264169585,
        "liwc_article": 0.5003179208398173,
        "liwc_conj": 0.5591911191251898,
        "liwc_prep": 0.5081599102961302,
        "liwc_auxvb": 0.49946846442051124,
        "liwc_adverb": 0.5057842225807232,
        "liwc_negate": 0.8268744847810596,
        "liwc_quant": 0.6460722622161402,
        "propn": 0.01272984441301273,
        "novel_tok": 0.7142815380071872,
        "pos_mean": 0.6186982313248923,
        "liwc_mean": 0.5692812020215654
    },
    "4": {
        "utter_diff": 0.7409317061081898,
        "pos_adj": 0.512164029711668,
        "pos_adv": 0.5004485913118577,
        "pos_intj": 0.5646176594348294,
        "pos_noun": 0.5526672841201732,
        "pos_propn": 0.8564762239466773,
        "pos_verb": 0.5391259513324169,
        "pos_adp": 0.4884658456172461,
        "pos_aux": 0.5226280967495422,
        "pos_cconj": 0.670513233169357,
        "pos_det": 0.515968283890576,
        "pos_num": 0.8134287186476223,
        "pos_part": 0.6467770414352466,
        "pos_pron": 0.6414871597244913,
        "pos_sconj": 0.7424249594449536,
        "pos_punct": 0.7961847266296445,
        "liwc_ppron": 0.5879852617526087,
        "liwc_ipron": 0.5162360723448745,
        "liwc_article": 0.4682582200875676,
        "liwc_conj": 0.5398513646962413,
        "liwc_prep": 0.47180420667739437,
        "liwc_auxvb": 0.45470954074203174,
        "liwc_adverb": 0.519542824848218,
        "liwc_negate": 0.8531516431629599,
        "liwc_quant": 0.6504291309526469,
        "propn": 0.055162659123055166,
        "novel_tok": 0.7166683258523817,
        "pos_mean": 0.6242251870110869,
        "liwc_mean": 0.562440918362727
    }
}