{
    "0": {
        "utter_diff": 0.40605214986329957,
        "pos_adj": 0.5904933478503007,
        "pos_adv": 0.4894344812050498,
        "pos_intj": 0.5730777790232346,
        "pos_noun": 0.7915788499312543,
        "pos_propn": 0.2187893063730402,
        "pos_verb": 0.5579993494569536,
        "pos_adp": 0.5773081976990578,
        "pos_aux": 0.6362618601422615,
        "pos_cconj": 0.3969259525342142,
        "pos_det": 0.7057895459852114,
        "pos_num": 0.38573859974574976,
        "pos_part": 0.3314162637917215,
        "pos_pron": 0.6269978149532487,
        "pos_sconj": 0.3441103761020984,
        "pos_punct": 0.8150123343588311,
        "liwc_ppron": 0.3272594541644319,
        "liwc_ipron": 0.4526029539700749,
        "liwc_article": 0.6734747822277837,
        "liwc_conj": 0.4619775906570675,
        "liwc_prep": 0.6244679637615731,
        "liwc_auxvb": 0.48355211573273543,
        "liwc_adverb": 0.44411423686121904,
        "liwc_negate": 0.6721415542903051,
        "liwc_quant": 0.2800011144984553,
        "propn": 0.269,
        "novel_tok": 0.5252668324265107,
        "pos_mean": 0.5360622706101486,
        "liwc_mean": 0.4910657517959607
    },
    "1": {
        "utter_diff": 0.43923005273193594,
        "pos_adj": 0.3865425455902217,
        "pos_adv": 0.37465049924444244,
        "pos_intj": 0.6167173814760283,
        "pos_noun": 0.5078074370034746,
        "pos_propn": 0.5013306649364966,
        "pos_verb": 0.4246748992131099,
        "pos_adp": 0.45685113291534474,
        "pos_aux": 0.4529716414169843,
        "pos_cconj": 0.4475951192136898,
        "pos_det": 0.35900261883989526,
        "pos_num": 0.7371973801386908,
        "pos_part": 0.4479565974870858,
        "pos_pron": 0.5225898785067945,
        "pos_sconj": 0.6002033122287066,
        "pos_punct": 0.7111463184653551,
        "liwc_ppron": 0.36088387598134664,
        "liwc_ipron": 0.37407383554575757,
        "liwc_article": 0.3348053191139691,
        "liwc_conj": 0.43522912477018383,
        "liwc_prep": 0.463784273090604,
        "liwc_auxvb": 0.40893065903965503,
        "liwc_adverb": 0.39130682328328736,
        "liwc_negate": 0.7343612895714574,
        "liwc_quant": 0.4862782652334839,
        "propn": 0.097,
        "novel_tok": 0.6601240315099812,
        "pos_mean": 0.5031491617784213,
        "liwc_mean": 0.4432948295144161
    },
    "2": {
        "utter_diff": 0.6848409975435,
        "pos_adj": 0.4534269716646297,
        "pos_adv": 0.45613802393252445,
        "pos_intj": 0.7399515554363316,
        "pos_noun": 0.7097352968918939,
        "pos_propn": 0.45662479256733457,
        "pos_verb": 0.5199476401259221,
        "pos_adp": 0.5402344063542689,
        "pos_aux": 0.6766401120032114,
        "pos_cconj": 0.4531390172798107,
        "pos_det": 0.645310189823195,
        "pos_num": 0.7505410958027696,
        "pos_part": 0.43632668654015055,
        "pos_pron": 0.5822859006248042,
        "pos_sconj": 0.46534730556727066,
        "pos_punct": 0.7870410532921442,
        "liwc_ppron": 0.39765374682776095,
        "liwc_ipron": 0.521717186392153,
        "liwc_article": 0.5316495693638636,
        "liwc_conj": 0.4508301451186204,
        "liwc_prep": 0.5722360079210543,
        "liwc_auxvb": 0.46331433312615194,
        "liwc_adverb": 0.4590577405155838,
        "liwc_negate": 0.7852803860352016,
        "liwc_quant": 0.48219261595911206,
        "propn": 0.092,
        "novel_tok": 0.6729049013864256,
        "pos_mean": 0.5781793365270841,
        "liwc_mean": 0.5182146368066112
    },
    "3": {
        "utter_diff": 0.4532313644505782,
        "pos_adj": 0.5955578069985332,
        "pos_adv": 0.551129316490631,
        "pos_intj": 0.46324899066971265,
        "pos_noun": 0.7546287870575097,
        "pos_propn": 0.4371717007471421,
        "pos_verb": 0.541881789842346,
        "pos_adp": 0.6057815935030567,
        "pos_aux": 0.695105120212591,
        "pos_cconj": 0.4775913148135252,
        "pos_det": 0.6906956523788358,
        "pos_num": 0.5025379504922719,
        "pos_part": 0.36866558204007416,
        "pos_pron": 0.6330139153192095,
        "pos_sconj": 0.32211555004232734,
        "pos_punct": 0.8010784910716576,
        "liwc_ppron": 0.373340564904142,
        "liwc_ipron": 0.5407338095310334,
        "liwc_article": 0.6340070604153818,
        "liwc_conj": 0.48821515195498416,
        "liwc_prep": 0.6336706680765565,
        "liwc_auxvb": 0.5036126390373217,
        "liwc_adverb": 0.4986830622227979,
        "liwc_negate": 0.5655434807191387,
        "liwc_quant": 0.36225947159237143,
        "propn": 0.157,
        "novel_tok": 0.5444959186142818,
        "pos_mean": 0.562680237445295,
        "liwc_mean": 0.5111184342726364
    },
    "4": {
        "utter_diff": 0.6747636301318868,
        "pos_adj": 0.4755841101186999,
        "pos_adv": 0.4873450889879748,
        "pos_intj": 0.6718921996727973,
        "pos_noun": 0.7028380125985212,
        "pos_propn": 0.5786443957729971,
        "pos_verb": 0.524159969190355,
        "pos_adp": 0.5324379848137888,
        "pos_aux": 0.6515629515367631,
        "pos_cconj": 0.43679494817110004,
        "pos_det": 0.6309350828910651,
        "pos_num": 0.7953116723595617,
        "pos_part": 0.46750236240009796,
        "pos_pron": 0.5802135223463696,
        "pos_sconj": 0.48790495758779456,
        "pos_punct": 0.7816856526083741,
        "liwc_ppron": 0.4319818475146616,
        "liwc_ipron": 0.5151962188831074,
        "liwc_article": 0.5056945658293492,
        "liwc_conj": 0.4324386837464275,
        "liwc_prep": 0.5545626726934733,
        "liwc_auxvb": 0.47229315564278496,
        "liwc_adverb": 0.4695528378545196,
        "liwc_negate": 0.7798627653034268,
        "liwc_quant": 0.47136583882241073,
        "propn": 0.299,
        "novel_tok": 0.6235951464327015,
        "pos_mean": 0.5869875274037508,
        "liwc_mean": 0.5147720651433514
    }
}