{
    "0": {
        "utter_diff": 0.7181697413173216,
        "pos_adj": 0.47423350232030875,
        "pos_adv": 0.6445783338193811,
        "pos_intj": 0.589787010864189,
        "pos_noun": 0.4636467397567382,
        "pos_propn": 0.6534138741802982,
        "pos_verb": 0.4791773665876105,
        "pos_adp": 0.4942637575945889,
        "pos_aux": 0.5342793396497021,
        "pos_cconj": 0.7708563221104131,
        "pos_det": 0.4732408005361727,
        "pos_num": 0.8778191284418286,
        "pos_part": 0.5959992560972207,
        "pos_pron": 0.6139441643295703,
        "pos_sconj": 0.7857911924761574,
        "pos_punct": 0.7749614832448414,
        "liwc_ppron": 0.5527835047717692,
        "liwc_ipron": 0.5236667649342841,
        "liwc_article": 0.5190836366438089,
        "liwc_conj": 0.632263907746749,
        "liwc_prep": 0.48024228904404725,
        "liwc_auxvb": 0.4360797913967731,
        "liwc_adverb": 0.5787617731067713,
        "liwc_negate": 0.821841042455559,
        "liwc_quant": 0.7549515595490469,
        "propn": 0.007072135785007072,
        "novel_tok": 0.7453300658234148,
        "pos_mean": 0.6150661514672681,
        "liwc_mean": 0.5888526966276455
    },
    "1": {
        "utter_diff": 0.7099552740500967,
        "pos_adj": 0.4845999338514092,
        "pos_adv": 0.5909397145013373,
        "pos_intj": 0.6010151218312728,
        "pos_noun": 0.49117121189358126,
        "pos_propn": 0.766146481415423,
        "pos_verb": 0.4719510409787901,
        "pos_adp": 0.48410373797315515,
        "pos_aux": 0.517759106975713,
        "pos_cconj": 0.7208461118658104,
        "pos_det": 0.4720701057742019,
        "pos_num": 0.8346138408891445,
        "pos_part": 0.60963655145256,
        "pos_pron": 0.6059946400995913,
        "pos_sconj": 0.8106630426793291,
        "pos_punct": 0.7808239584917186,
        "liwc_ppron": 0.5304080957069887,
        "liwc_ipron": 0.543171781283722,
        "liwc_article": 0.49964852012122635,
        "liwc_conj": 0.6306560570830512,
        "liwc_prep": 0.47710861135568494,
        "liwc_auxvb": 0.5060462341997148,
        "liwc_adverb": 0.5774769888438747,
        "liwc_negate": 0.7820309740718963,
        "liwc_quant": 0.7248250533314684,
        "propn": 0.024045261669024046,
        "novel_tok": 0.6442257055723823,
        "pos_mean": 0.6161556400448692,
        "liwc_mean": 0.5857080351108475
    },
    "2": {
        "utter_diff": 0.6967916913784686,
        "pos_adj": 0.5200216025626928,
        "pos_adv": 0.5421164991018114,
        "pos_intj": 0.5820269571346598,
        "pos_noun": 0.4840178923256719,
        "pos_propn": 0.8141513702969567,
        "pos_verb": 0.4696118845371704,
        "pos_adp": 0.4921552826718724,
        "pos_aux": 0.5217875752972085,
        "pos_cconj": 0.7075255573868654,
        "pos_det": 0.46110278851707276,
        "pos_num": 0.8332727639235797,
        "pos_part": 0.5981599891582675,
        "pos_pron": 0.6009826053825823,
        "pos_sconj": 0.761282202939997,
        "pos_punct": 0.7712214715608553,
        "liwc_ppron": 0.5248028195807789,
        "liwc_ipron": 0.45447099999532076,
        "liwc_article": 0.504804197696751,
        "liwc_conj": 0.5722055547725529,
        "liwc_prep": 0.4680293138635367,
        "liwc_auxvb": 0.4490172093645058,
        "liwc_adverb": 0.5232881356463784,
        "liwc_negate": 0.7841338770800182,
        "liwc_quant": 0.693651336864777,
        "propn": 0.008486562942008486,
        "novel_tok": 0.7419280781899625,
        "pos_mean": 0.6106290961864841,
        "liwc_mean": 0.5527114938738467
    },
    "3": {
        "utter_diff": 0.7282984958833406,
        "pos_adj": 0.5425266223756713,
        "pos_adv": 0.5501581117585101,
        "pos_intj": 0.6352012769695974,
        "pos_noun": 0.5223028310243206,
        "pos_propn": 0.8494471751904069,
        "pos_verb": 0.5155137677850855,
        "pos_adp": 0.5416391553099731,
        "pos_aux": 0.594329257210597,
        "pos_cconj": 0.7346855204200842,
        "pos_det": 0.5424161594870792,
        "pos_num": 0.8245068517439,
        "pos_part": 0.6500544504589238,
        "pos_pron": 0.6413747535821313,
        "pos_sconj": 0.7937102885213732,
        "pos_punct": 0.7817320548717165,
        "liwc_ppron": 0.5638923994393665,
        "liwc_ipron": 0.5780631790221117,
        "liwc_article": 0.5764061286661162,
        "liwc_conj": 0.6269380552948987,
        "liwc_prep": 0.5242964970221461,
        "liwc_auxvb": 0.5317141183647557,
        "liwc_adverb": 0.5611382141524491,
        "liwc_negate": 0.773026020732548,
        "liwc_quant": 0.6999969069275236,
        "propn": 0.024045261669024046,
        "novel_tok": 0.5983202868721281,
        "pos_mean": 0.6479732184472912,
        "liwc_mean": 0.6039412799579906
    },
    "4": {
        "utter_diff": 0.6991621496992085,
        "pos_adj": 0.5623630445029959,
        "pos_adv": 0.518053731184716,
        "pos_intj": 0.5849073979778897,
        "pos_noun": 0.4910906135259258,
        "pos_propn": 0.8452714942131935,
        "pos_verb": 0.5132723840811101,
        "pos_adp": 0.4985041582939447,
        "pos_aux": 0.5292219357249006,
        "pos_cconj": 0.698872549152856,
        "pos_det": 0.5215756099324658,
        "pos_num": 0.8074109370825114,
        "pos_part": 0.6275482539511313,
        "pos_pron": 0.6353702185659549,
        "pos_sconj": 0.7600273045955485,
        "pos_punct": 0.7774259039022352,
        "liwc_ppron": 0.6016948262345375,
        "liwc_ipron": 0.5264079215588985,
        "liwc_article": 0.543041678183995,
        "liwc_conj": 0.5885113996954447,
        "liwc_prep": 0.48891109911892455,
        "liwc_auxvb": 0.4665818046222115,
        "liwc_adverb": 0.5039823169772043,
        "liwc_negate": 0.7795219715598514,
        "liwc_quant": 0.6958326952466699,
        "propn": 0.028288543140028287,
        "novel_tok": 0.6728590241925345,
        "pos_mean": 0.6247277024458253,
        "liwc_mean": 0.577165079244193
    }
}