{
    "0": {
        "utter_diff": 0.7156307734270438,
        "pos_adj": 0.420964297049467,
        "pos_adv": 0.5047897828886541,
        "pos_intj": 0.6086564033170481,
        "pos_noun": 0.5277379493799401,
        "pos_propn": 0.6628461544383284,
        "pos_verb": 0.5382124594537241,
        "pos_adp": 0.49982170190398784,
        "pos_aux": 0.5849057120781226,
        "pos_cconj": 0.6042813476561758,
        "pos_det": 0.4465381473832892,
        "pos_num": 0.844587417422659,
        "pos_part": 0.536993595918413,
        "pos_pron": 0.6593793897332748,
        "pos_sconj": 0.7287023075914982,
        "pos_punct": 0.7781118174578522,
        "liwc_ppron": 0.5812716888548165,
        "liwc_ipron": 0.4259163665150815,
        "liwc_article": 0.46910772107691623,
        "liwc_conj": 0.5147737462893534,
        "liwc_prep": 0.493181274392021,
        "liwc_auxvb": 0.48036715120290224,
        "liwc_adverb": 0.5150295969594687,
        "liwc_negate": 0.8671760388228305,
        "liwc_quant": 0.6707283736996275,
        "propn": 0.028288543140028287,
        "novel_tok": 0.7768821119222102,
        "pos_mean": 0.596435232244829,
        "liwc_mean": 0.5575057730903352
    },
    "1": {
        "utter_diff": 0.7349076140236745,
        "pos_adj": 0.44584784284502776,
        "pos_adv": 0.4969212691696386,
        "pos_intj": 0.5597956289567125,
        "pos_noun": 0.580955121832013,
        "pos_propn": 0.73510650361138,
        "pos_verb": 0.532908912960109,
        "pos_adp": 0.47428665098135725,
        "pos_aux": 0.5603376110289465,
        "pos_cconj": 0.5893214037213652,
        "pos_det": 0.5092202003321572,
        "pos_num": 0.8130648584977541,
        "pos_part": 0.5463802307014786,
        "pos_pron": 0.6448279715193567,
        "pos_sconj": 0.765064513078327,
        "pos_punct": 0.7835786824013525,
        "liwc_ppron": 0.5738658079734429,
        "liwc_ipron": 0.4921813100675666,
        "liwc_article": 0.4741564280220533,
        "liwc_conj": 0.5362316481307396,
        "liwc_prep": 0.48373479261181546,
        "liwc_auxvb": 0.5006959406697402,
        "liwc_adverb": 0.5008556773687548,
        "liwc_negate": 0.8092463103192419,
        "liwc_quant": 0.6434706305574812,
        "propn": 0.04384724186704385,
        "novel_tok": 0.7225390605274221,
        "pos_mean": 0.6025078267757984,
        "liwc_mean": 0.5571598384134263
    },
    "2": {
        "utter_diff": 0.705311524896134,
        "pos_adj": 0.4631040855316208,
        "pos_adv": 0.4802947701174906,
        "pos_intj": 0.5824942762179042,
        "pos_noun": 0.5543440000558001,
        "pos_propn": 0.7933775594034639,
        "pos_verb": 0.5142747104676044,
        "pos_adp": 0.4733568049927839,
        "pos_aux": 0.5440045737569892,
        "pos_cconj": 0.5686618747754321,
        "pos_det": 0.4863826311482099,
        "pos_num": 0.8068630297194122,
        "pos_part": 0.5589450449731009,
        "pos_pron": 0.6350119315799575,
        "pos_sconj": 0.7260020613656268,
        "pos_punct": 0.782246889876687,
        "liwc_ppron": 0.5520105976183274,
        "liwc_ipron": 0.40339097072181307,
        "liwc_article": 0.4508988476224925,
        "liwc_conj": 0.4854392374992361,
        "liwc_prep": 0.47569722608190823,
        "liwc_auxvb": 0.4777665624292269,
        "liwc_adverb": 0.4896806150777968,
        "liwc_negate": 0.830249350977449,
        "liwc_quant": 0.6328101551909396,
        "propn": 0.02545968882602546,
        "novel_tok": 0.7677030572665892,
        "pos_mean": 0.5979576162654722,
        "liwc_mean": 0.5331048403576877
    },
    "3": {
        "utter_diff": 0.7413416176832139,
        "pos_adj": 0.5038991806456115,
        "pos_adv": 0.48791809622399035,
        "pos_intj": 0.5857392190453277,
        "pos_noun": 0.5743743120692963,
        "pos_propn": 0.7934105711961777,
        "pos_verb": 0.5405169084271872,
        "pos_adp": 0.5181467361405769,
        "pos_aux": 0.601785426259512,
        "pos_cconj": 0.6220729048830985,
        "pos_det": 0.49862051681458275,
        "pos_num": 0.7819140433613274,
        "pos_part": 0.6006869148035047,
        "pos_pron": 0.6550684395413456,
        "pos_sconj": 0.7250182293307196,
        "pos_punct": 0.7895804376463224,
        "liwc_ppron": 0.5751260768430179,
        "liwc_ipron": 0.49542643779308954,
        "liwc_article": 0.4798756439258301,
        "liwc_conj": 0.5595854230761466,
        "liwc_prep": 0.5383433679199041,
        "liwc_auxvb": 0.5322358283696288,
        "liwc_adverb": 0.4695778011050285,
        "liwc_negate": 0.7873138075756628,
        "liwc_quant": 0.6228779853786901,
        "propn": 0.018387553041018388,
        "novel_tok": 0.7130828090901031,
        "pos_mean": 0.6185834624259052,
        "liwc_mean": 0.5622624857763332
    },
    "4": {
        "utter_diff": 0.7180950267063043,
        "pos_adj": 0.4995522488522966,
        "pos_adv": 0.4591426180357165,
        "pos_intj": 0.5932589002980335,
        "pos_noun": 0.5558062999618074,
        "pos_propn": 0.8244896866289083,
        "pos_verb": 0.5598646781576764,
        "pos_adp": 0.47398109035371716,
        "pos_aux": 0.5416996353765386,
        "pos_cconj": 0.591702363588731,
        "pos_det": 0.5327885995881122,
        "pos_num": 0.7898823495402213,
        "pos_part": 0.5512428278016019,
        "pos_pron": 0.6468099730985971,
        "pos_sconj": 0.7176799605248885,
        "pos_punct": 0.791959638552559,
        "liwc_ppron": 0.5870187438051838,
        "liwc_ipron": 0.48610526387438363,
        "liwc_article": 0.5128058397625845,
        "liwc_conj": 0.49142965476431777,
        "liwc_prep": 0.47084891456134176,
        "liwc_auxvb": 0.46807884524438925,
        "liwc_adverb": 0.4937107393677825,
        "liwc_negate": 0.8220462368456335,
        "liwc_quant": 0.6269614910976722,
        "propn": 0.04950495049504951,
        "novel_tok": 0.7315527298799996,
        "pos_mean": 0.6086573913572937,
        "liwc_mean": 0.5510006365914766
    }
}