{
    "0": {
        "utter_diff": 0.4161678985159416,
        "pos_adj": 0.4808437296904048,
        "pos_adv": 0.342526323142089,
        "pos_intj": 0.3230162724193577,
        "pos_noun": 0.6632093013866652,
        "pos_propn": 0.2118783742749977,
        "pos_verb": 0.5851456274684927,
        "pos_adp": 0.5281523396923447,
        "pos_aux": 0.5753206522015084,
        "pos_cconj": 0.36170551400667944,
        "pos_det": 0.6631685775980766,
        "pos_num": 0.3753573928247677,
        "pos_part": 0.33044659535557264,
        "pos_pron": 0.5721887384542954,
        "pos_sconj": 0.3582669124787261,
        "pos_punct": 0.79687562001302,
        "liwc_ppron": 0.4538876948405213,
        "liwc_ipron": 0.4020004687747425,
        "liwc_article": 0.6024960803796133,
        "liwc_conj": 0.38441716402527704,
        "liwc_prep": 0.5878474601204743,
        "liwc_auxvb": 0.49162800959310704,
        "liwc_adverb": 0.4370714012121289,
        "liwc_negate": 0.6456682318163696,
        "liwc_quant": 0.2796311770753862,
        "propn": 0.271,
        "novel_tok": 0.43431585589151306,
        "pos_mean": 0.47787346473379994,
        "liwc_mean": 0.47607196531529117
    },
    "1": {
        "utter_diff": 0.43844358202791706,
        "pos_adj": 0.3966432277204898,
        "pos_adv": 0.40802389512532583,
        "pos_intj": 0.34132174859551784,
        "pos_noun": 0.4878367182363148,
        "pos_propn": 0.4765867003043623,
        "pos_verb": 0.4734037783308131,
        "pos_adp": 0.4409287338584928,
        "pos_aux": 0.44405836272205595,
        "pos_cconj": 0.4866243748649664,
        "pos_det": 0.3889415582065419,
        "pos_num": 0.7121236017736435,
        "pos_part": 0.4306197467260041,
        "pos_pron": 0.5628985334623323,
        "pos_sconj": 0.527604333451862,
        "pos_punct": 0.6973870288953018,
        "liwc_ppron": 0.46661071515547875,
        "liwc_ipron": 0.38114223589119267,
        "liwc_article": 0.3923986410226519,
        "liwc_conj": 0.4368301357892166,
        "liwc_prep": 0.4605558558637758,
        "liwc_auxvb": 0.43931334587691073,
        "liwc_adverb": 0.39684380249292256,
        "liwc_negate": 0.6973628686334082,
        "liwc_quant": 0.5170285964346837,
        "propn": 0.086,
        "novel_tok": 0.5475962821114834,
        "pos_mean": 0.48500015615160164,
        "liwc_mean": 0.46534291079558227
    },
    "2": {
        "utter_diff": 0.6558561980203462,
        "pos_adj": 0.4403310501605507,
        "pos_adv": 0.40083639319575,
        "pos_intj": 0.33288909321968213,
        "pos_noun": 0.6196954660358447,
        "pos_propn": 0.45457691206270423,
        "pos_verb": 0.553168999818867,
        "pos_adp": 0.49607074902502585,
        "pos_aux": 0.6391003256738436,
        "pos_cconj": 0.4592921098549504,
        "pos_det": 0.5968486025705267,
        "pos_num": 0.7184267149015178,
        "pos_part": 0.4332103557344805,
        "pos_pron": 0.6003491776795562,
        "pos_sconj": 0.454155025860988,
        "pos_punct": 0.7677076997573187,
        "liwc_ppron": 0.49353852253247443,
        "liwc_ipron": 0.47466395823297586,
        "liwc_article": 0.5081662402495815,
        "liwc_conj": 0.4011275204059284,
        "liwc_prep": 0.5518798851432521,
        "liwc_auxvb": 0.5156783437489206,
        "liwc_adverb": 0.451279840121102,
        "liwc_negate": 0.7416578687421438,
        "liwc_quant": 0.4858319750519489,
        "propn": 0.11,
        "novel_tok": 0.5736821687651316,
        "pos_mean": 0.531110578370107,
        "liwc_mean": 0.5137582393587031
    },
    "3": {
        "utter_diff": 0.4569708389094422,
        "pos_adj": 0.5013520805137812,
        "pos_adv": 0.3857831516242214,
        "pos_intj": 0.4001750607928383,
        "pos_noun": 0.6596823494089894,
        "pos_propn": 0.4337707465854955,
        "pos_verb": 0.5923300405049281,
        "pos_adp": 0.5340358422945748,
        "pos_aux": 0.6662480633728252,
        "pos_cconj": 0.3939166391304556,
        "pos_det": 0.6601682437822206,
        "pos_num": 0.5010859144805772,
        "pos_part": 0.37669417024162566,
        "pos_pron": 0.6529717156703646,
        "pos_sconj": 0.39571080685081084,
        "pos_punct": 0.7880469238887439,
        "liwc_ppron": 0.521284894118947,
        "liwc_ipron": 0.5175536096418419,
        "liwc_article": 0.5903674025762192,
        "liwc_conj": 0.4194126228551094,
        "liwc_prep": 0.5938143968017228,
        "liwc_auxvb": 0.5419064856922655,
        "liwc_adverb": 0.5143040632618189,
        "liwc_negate": 0.5635279522723612,
        "liwc_quant": 0.32468668164387826,
        "propn": 0.218,
        "novel_tok": 0.3950413180396958,
        "pos_mean": 0.5294647832761635,
        "liwc_mean": 0.5096509009849071
    },
    "4": {
        "utter_diff": 0.6665890860384868,
        "pos_adj": 0.48892792279957215,
        "pos_adv": 0.42573160154971385,
        "pos_intj": 0.32932062511660254,
        "pos_noun": 0.6295665314003998,
        "pos_propn": 0.5275705852267935,
        "pos_verb": 0.5620225549049939,
        "pos_adp": 0.5123070000518318,
        "pos_aux": 0.6604890390527844,
        "pos_cconj": 0.42727417935598316,
        "pos_det": 0.6253820864761438,
        "pos_num": 0.7431405830647011,
        "pos_part": 0.5168120356836984,
        "pos_pron": 0.6198029806763988,
        "pos_sconj": 0.493121670948767,
        "pos_punct": 0.7671290788687325,
        "liwc_ppron": 0.5358020362790831,
        "liwc_ipron": 0.5225198262220879,
        "liwc_article": 0.5453314620239706,
        "liwc_conj": 0.4128827471698976,
        "liwc_prep": 0.5408659597586254,
        "liwc_auxvb": 0.5522321728874389,
        "liwc_adverb": 0.5005029915078895,
        "liwc_negate": 0.7555989894578449,
        "liwc_quant": 0.5115216107456801,
        "propn": 0.197,
        "novel_tok": 0.5173983572014229,
        "pos_mean": 0.5552398983451411,
        "liwc_mean": 0.5419175328947241
    }
}