{
    "0": {
        "utter_diff": 0.6756310367178557,
        "pos_adj": 0.40961357759765843,
        "pos_adv": 0.38120969715110664,
        "pos_intj": 0.511239264802269,
        "pos_noun": 0.5555739713919439,
        "pos_propn": 0.6354927950385297,
        "pos_verb": 0.5522175734083696,
        "pos_adp": 0.4610424686268608,
        "pos_aux": 0.5468050485518784,
        "pos_cconj": 0.4978890151287579,
        "pos_det": 0.45407047124586974,
        "pos_num": 0.7701301485720474,
        "pos_part": 0.5394497096001334,
        "pos_pron": 0.63413820984918,
        "pos_sconj": 0.7115686665478,
        "pos_punct": 0.7920332402444339,
        "liwc_ppron": 0.5425763665531648,
        "liwc_ipron": 0.4032038429846114,
        "liwc_article": 0.4740809415515796,
        "liwc_conj": 0.41808561074280004,
        "liwc_prep": 0.48038507111125667,
        "liwc_auxvb": 0.48643952970394533,
        "liwc_adverb": 0.3893546165273287,
        "liwc_negate": 0.8911144627072956,
        "liwc_quant": 0.6084259225405168,
        "propn": 0.018387553041018388,
        "novel_tok": 0.7778392878636567,
        "pos_mean": 0.5634982571837892,
        "liwc_mean": 0.5215184849358332
    },
    "1": {
        "utter_diff": 0.6933420449441353,
        "pos_adj": 0.43761943741768383,
        "pos_adv": 0.436309642341654,
        "pos_intj": 0.48715165750040446,
        "pos_noun": 0.5429920539839689,
        "pos_propn": 0.7151325570315102,
        "pos_verb": 0.5248605537328241,
        "pos_adp": 0.47331726569253063,
        "pos_aux": 0.5125773573006835,
        "pos_cconj": 0.5240142118756346,
        "pos_det": 0.4652316391317156,
        "pos_num": 0.7341223541517752,
        "pos_part": 0.4992230731574064,
        "pos_pron": 0.6263486361910917,
        "pos_sconj": 0.7339433628499664,
        "pos_punct": 0.7978968910012288,
        "liwc_ppron": 0.5188287397307525,
        "liwc_ipron": 0.4141554574662403,
        "liwc_article": 0.45097523189185285,
        "liwc_conj": 0.44639161545018324,
        "liwc_prep": 0.4719646551685723,
        "liwc_auxvb": 0.46244560491467196,
        "liwc_adverb": 0.45023497020416475,
        "liwc_negate": 0.8495385646928881,
        "liwc_quant": 0.6085976130483405,
        "propn": 0.014144271570014143,
        "novel_tok": 0.756954136373618,
        "pos_mean": 0.5673827128906718,
        "liwc_mean": 0.5192369391741852
    },
    "2": {
        "utter_diff": 0.6577184415904731,
        "pos_adj": 0.4215667116178722,
        "pos_adv": 0.3783178448602111,
        "pos_intj": 0.5287552829657038,
        "pos_noun": 0.5435006069243968,
        "pos_propn": 0.7896446206649675,
        "pos_verb": 0.5061654577512388,
        "pos_adp": 0.40383760291563503,
        "pos_aux": 0.5030800939091469,
        "pos_cconj": 0.5150503720724708,
        "pos_det": 0.44834920444501103,
        "pos_num": 0.7284792116345119,
        "pos_part": 0.531788829353324,
        "pos_pron": 0.6048667490857789,
        "pos_sconj": 0.6943209142207495,
        "pos_punct": 0.7872247991828064,
        "liwc_ppron": 0.5016723395314688,
        "liwc_ipron": 0.39326810509532595,
        "liwc_article": 0.43533887115024245,
        "liwc_conj": 0.420775605499342,
        "liwc_prep": 0.4254727273832821,
        "liwc_auxvb": 0.4539528960512244,
        "liwc_adverb": 0.421523318323783,
        "liwc_negate": 0.8575561539731252,
        "liwc_quant": 0.6095465628597143,
        "propn": 0.024045261669024046,
        "novel_tok": 0.779473373180987,
        "pos_mean": 0.5589965534402549,
        "liwc_mean": 0.502122953318612
    },
    "3": {
        "utter_diff": 0.6990625513728405,
        "pos_adj": 0.4523442959619049,
        "pos_adv": 0.4447341774875949,
        "pos_intj": 0.536514173907616,
        "pos_noun": 0.5658566369117217,
        "pos_propn": 0.800381540640816,
        "pos_verb": 0.5257873716532265,
        "pos_adp": 0.4675401654499504,
        "pos_aux": 0.5278223513248431,
        "pos_cconj": 0.5344920249149833,
        "pos_det": 0.4582385536967137,
        "pos_num": 0.7123169913770742,
        "pos_part": 0.5771538063955941,
        "pos_pron": 0.6294886927333591,
        "pos_sconj": 0.681962754258016,
        "pos_punct": 0.7980332995495872,
        "liwc_ppron": 0.524215592170076,
        "liwc_ipron": 0.4518974530767893,
        "liwc_article": 0.45177433012530277,
        "liwc_conj": 0.4675918576839838,
        "liwc_prep": 0.48759879704847003,
        "liwc_auxvb": 0.4903984459661403,
        "liwc_adverb": 0.4234447178329102,
        "liwc_negate": 0.7953179772472834,
        "liwc_quant": 0.5744891795503108,
        "propn": 0.011315417256011316,
        "novel_tok": 0.7512166971078957,
        "pos_mean": 0.5808444557508667,
        "liwc_mean": 0.5185253723001407
    },
    "4": {
        "utter_diff": 0.6781985619652922,
        "pos_adj": 0.4609547228383204,
        "pos_adv": 0.4307776995387031,
        "pos_intj": 0.5042789983919665,
        "pos_noun": 0.558386117548162,
        "pos_propn": 0.8221695052175344,
        "pos_verb": 0.5414310327980781,
        "pos_adp": 0.4336261432784653,
        "pos_aux": 0.5215998271973749,
        "pos_cconj": 0.4893492348214136,
        "pos_det": 0.4944419716606221,
        "pos_num": 0.7467257313466218,
        "pos_part": 0.5408546652882917,
        "pos_pron": 0.6421885425023133,
        "pos_sconj": 0.6923377886556663,
        "pos_punct": 0.789391276323775,
        "liwc_ppron": 0.5623232652445732,
        "liwc_ipron": 0.4345031333807004,
        "liwc_article": 0.4413537745386374,
        "liwc_conj": 0.4289652373542935,
        "liwc_prep": 0.43110875034436635,
        "liwc_auxvb": 0.461444886554146,
        "liwc_adverb": 0.4668165321221243,
        "liwc_negate": 0.8506627925251146,
        "liwc_quant": 0.5858400157193382,
        "propn": 0.055162659123055166,
        "novel_tok": 0.7633026596485373,
        "pos_mean": 0.5779008838271539,
        "liwc_mean": 0.5181131541981437
    }
}