{
    "0": {
        "utter_diff": 0.729993943327399,
        "pos_adj": 0.4797004199273961,
        "pos_adv": 0.5986509468697584,
        "pos_intj": 0.5712417618204594,
        "pos_noun": 0.4589007933420039,
        "pos_propn": 0.6675215946519791,
        "pos_verb": 0.45538412563790454,
        "pos_adp": 0.4926864241906522,
        "pos_aux": 0.5446484400145929,
        "pos_cconj": 0.7864788204542223,
        "pos_det": 0.4756999329452683,
        "pos_num": 0.8795716772339556,
        "pos_part": 0.6027342183952736,
        "pos_pron": 0.6274767048761226,
        "pos_sconj": 0.7838283336607427,
        "pos_punct": 0.7765457740970151,
        "liwc_ppron": 0.5734482776267537,
        "liwc_ipron": 0.495016790373511,
        "liwc_article": 0.5078530964957433,
        "liwc_conj": 0.6433765030641421,
        "liwc_prep": 0.47464910931505355,
        "liwc_auxvb": 0.4288700286227135,
        "liwc_adverb": 0.5632086353605857,
        "liwc_negate": 0.8503272718428774,
        "liwc_quant": 0.7570263157959591,
        "propn": 0.018387553041018388,
        "novel_tok": 0.7467950413722706,
        "pos_mean": 0.6134046645411565,
        "liwc_mean": 0.5881973364997043
    },
    "1": {
        "utter_diff": 0.7280440976038408,
        "pos_adj": 0.5087838165672139,
        "pos_adv": 0.5799199262446011,
        "pos_intj": 0.5797185032948657,
        "pos_noun": 0.5245882620952692,
        "pos_propn": 0.7617625298230095,
        "pos_verb": 0.47777281010789735,
        "pos_adp": 0.4609752576901889,
        "pos_aux": 0.5511812772850744,
        "pos_cconj": 0.7375498309152986,
        "pos_det": 0.49617211645782383,
        "pos_num": 0.8345712077561002,
        "pos_part": 0.5920752850116173,
        "pos_pron": 0.6188102767064684,
        "pos_sconj": 0.8113354211538627,
        "pos_punct": 0.7824428564752958,
        "liwc_ppron": 0.54497070736217,
        "liwc_ipron": 0.5339591358007553,
        "liwc_article": 0.5193098946937567,
        "liwc_conj": 0.6389650912763405,
        "liwc_prep": 0.4522921489902799,
        "liwc_auxvb": 0.4884258516037936,
        "liwc_adverb": 0.551859528761346,
        "liwc_negate": 0.8156906870610765,
        "liwc_quant": 0.7253357109118751,
        "propn": 0.019801980198019802,
        "novel_tok": 0.6615717829492087,
        "pos_mean": 0.6211772918389724,
        "liwc_mean": 0.5856454173845994
    },
    "2": {
        "utter_diff": 0.7090896778707582,
        "pos_adj": 0.5030324047981815,
        "pos_adv": 0.5289099523433795,
        "pos_intj": 0.5835365445914273,
        "pos_noun": 0.46246219982354264,
        "pos_propn": 0.8165124320507262,
        "pos_verb": 0.46864610810823987,
        "pos_adp": 0.4627729901444666,
        "pos_aux": 0.5513190170801859,
        "pos_cconj": 0.7181640231866921,
        "pos_det": 0.4515751771645138,
        "pos_num": 0.8359159087399054,
        "pos_part": 0.6011652236857997,
        "pos_pron": 0.6160231037200492,
        "pos_sconj": 0.7703231585266387,
        "pos_punct": 0.7781132026725867,
        "liwc_ppron": 0.5385662812061763,
        "liwc_ipron": 0.4498760159172765,
        "liwc_article": 0.4815912361310187,
        "liwc_conj": 0.5843904940497645,
        "liwc_prep": 0.46632748990972145,
        "liwc_auxvb": 0.46206204461791345,
        "liwc_adverb": 0.5394613532359657,
        "liwc_negate": 0.8200703709432716,
        "liwc_quant": 0.7016495543620652,
        "propn": 0.007072135785007072,
        "novel_tok": 0.744497578726286,
        "pos_mean": 0.6098980964424224,
        "liwc_mean": 0.5604438711525748
    },
    "3": {
        "utter_diff": 0.7496720521370632,
        "pos_adj": 0.5682756936261038,
        "pos_adv": 0.5134839681028953,
        "pos_intj": 0.6304083098570267,
        "pos_noun": 0.5391493751952124,
        "pos_propn": 0.8346742925217483,
        "pos_verb": 0.5255276094317011,
        "pos_adp": 0.5455651475163247,
        "pos_aux": 0.5865754313849606,
        "pos_cconj": 0.7286330957826462,
        "pos_det": 0.511647978638361,
        "pos_num": 0.8143024360037528,
        "pos_part": 0.6114061803909395,
        "pos_pron": 0.6651866783632387,
        "pos_sconj": 0.7785953086444182,
        "pos_punct": 0.8002290278903752,
        "liwc_ppron": 0.583795815174224,
        "liwc_ipron": 0.5485616975108382,
        "liwc_article": 0.5261928202375774,
        "liwc_conj": 0.6011191003135515,
        "liwc_prep": 0.5403633288842938,
        "liwc_auxvb": 0.5205579945374192,
        "liwc_adverb": 0.5531016742523913,
        "liwc_negate": 0.7790536497277116,
        "liwc_quant": 0.6987689807752933,
        "propn": 0.024045261669024046,
        "novel_tok": 0.6349671671714894,
        "pos_mean": 0.6435773688899803,
        "liwc_mean": 0.5946127846014778
    },
    "4": {
        "utter_diff": 0.7027128224590473,
        "pos_adj": 0.5258903097275405,
        "pos_adv": 0.5085792671823055,
        "pos_intj": 0.5487361539314093,
        "pos_noun": 0.47876477574812837,
        "pos_propn": 0.8452540520669248,
        "pos_verb": 0.5119360029964715,
        "pos_adp": 0.4894605503340394,
        "pos_aux": 0.5266926688806735,
        "pos_cconj": 0.6921492901223446,
        "pos_det": 0.5004707103444377,
        "pos_num": 0.8007516273597117,
        "pos_part": 0.6158147235029318,
        "pos_pron": 0.6187130447071951,
        "pos_sconj": 0.7606214970452533,
        "pos_punct": 0.7689637250451762,
        "liwc_ppron": 0.5802228159039604,
        "liwc_ipron": 0.4991790498046544,
        "liwc_article": 0.5149370854672468,
        "liwc_conj": 0.5798068581222405,
        "liwc_prep": 0.4483508792245011,
        "liwc_auxvb": 0.4755560296370123,
        "liwc_adverb": 0.5218290756024814,
        "liwc_negate": 0.7913382831204335,
        "liwc_quant": 0.6822281051419554,
        "propn": 0.02545968882602546,
        "novel_tok": 0.6973187159573108,
        "pos_mean": 0.612853226599636,
        "liwc_mean": 0.5659386868916096
    }
}