{
    "0": {
        "utter_diff": 0.6088601888194936,
        "pos_adj": 0.4539215909283972,
        "pos_adv": 0.4757538258442983,
        "pos_intj": 0.6430988892500321,
        "pos_noun": 0.44674753605253054,
        "pos_propn": 0.6304544099671138,
        "pos_verb": 0.4783370275533878,
        "pos_adp": 0.4563674027496396,
        "pos_aux": 0.5066973531959054,
        "pos_cconj": 0.6475090235096924,
        "pos_det": 0.44576831071840695,
        "pos_num": 0.8792678703185892,
        "pos_part": 0.49764217507854913,
        "pos_pron": 0.5879159558209955,
        "pos_sconj": 0.7180414598508079,
        "pos_punct": 0.7725199443083131,
        "liwc_ppron": 0.5117036970372365,
        "liwc_ipron": 0.41855537597979653,
        "liwc_article": 0.46957163893535614,
        "liwc_conj": 0.518590551301671,
        "liwc_prep": 0.43486835040939487,
        "liwc_auxvb": 0.43604473213006456,
        "liwc_adverb": 0.4784323178136895,
        "liwc_negate": 0.756873324201806,
        "liwc_quant": 0.6598803100070735,
        "propn": 0.042,
        "novel_tok": 0.7555164971280981,
        "pos_mean": 0.5760028516764438,
        "liwc_mean": 0.5205022553128988
    },
    "1": {
        "utter_diff": 0.6246160144892704,
        "pos_adj": 0.44806999379655216,
        "pos_adv": 0.4750391691318369,
        "pos_intj": 0.6085022671687814,
        "pos_noun": 0.4719555148483443,
        "pos_propn": 0.6757349683310476,
        "pos_verb": 0.49031187982582075,
        "pos_adp": 0.45275369468976817,
        "pos_aux": 0.49298485078933074,
        "pos_cconj": 0.6452415662084078,
        "pos_det": 0.42511107722203206,
        "pos_num": 0.8952905385907398,
        "pos_part": 0.49763060988563446,
        "pos_pron": 0.5754507393326077,
        "pos_sconj": 0.7502605254051037,
        "pos_punct": 0.7738861949377372,
        "liwc_ppron": 0.49624478300803143,
        "liwc_ipron": 0.41502173070575793,
        "liwc_article": 0.4809906115449373,
        "liwc_conj": 0.5535351136782077,
        "liwc_prep": 0.4498820013381271,
        "liwc_auxvb": 0.44499614241551455,
        "liwc_adverb": 0.47003580590612665,
        "liwc_negate": 0.728621746682695,
        "liwc_quant": 0.691655467085335,
        "propn": 0.035,
        "novel_tok": 0.7348663108565953,
        "pos_mean": 0.5785482393442496,
        "liwc_mean": 0.5256648224849703
    },
    "2": {
        "utter_diff": 0.6030691074585405,
        "pos_adj": 0.4240054578345154,
        "pos_adv": 0.44785594759276653,
        "pos_intj": 0.6139832067051394,
        "pos_noun": 0.45139718312758303,
        "pos_propn": 0.6635772101630777,
        "pos_verb": 0.4712928109709413,
        "pos_adp": 0.44783988956872706,
        "pos_aux": 0.4886962199998174,
        "pos_cconj": 0.6097968935493054,
        "pos_det": 0.408408371379627,
        "pos_num": 0.8821957659579235,
        "pos_part": 0.48801872453612954,
        "pos_pron": 0.5664914053804563,
        "pos_sconj": 0.7322317981127179,
        "pos_punct": 0.77039619211783,
        "liwc_ppron": 0.49538942092434435,
        "liwc_ipron": 0.40997983938427557,
        "liwc_article": 0.43626140009644004,
        "liwc_conj": 0.49667449526725166,
        "liwc_prep": 0.43970599676533473,
        "liwc_auxvb": 0.41737440009096816,
        "liwc_adverb": 0.45458049698909514,
        "liwc_negate": 0.7280721068826257,
        "liwc_quant": 0.6490877002417887,
        "propn": 0.033,
        "novel_tok": 0.7536144347757506,
        "pos_mean": 0.5644124717997705,
        "liwc_mean": 0.5030139840713471
    },
    "3": {
        "utter_diff": 0.6404840208235826,
        "pos_adj": 0.46939128144465503,
        "pos_adv": 0.47892146301187544,
        "pos_intj": 0.6426479047013213,
        "pos_noun": 0.5169579625261106,
        "pos_propn": 0.7094097785164112,
        "pos_verb": 0.48435234526232146,
        "pos_adp": 0.48676933121515686,
        "pos_aux": 0.4954450254700864,
        "pos_cconj": 0.6522531910701034,
        "pos_det": 0.46786154840355526,
        "pos_num": 0.8878991065226386,
        "pos_part": 0.4788917103417368,
        "pos_pron": 0.5747133664312433,
        "pos_sconj": 0.755351597152037,
        "pos_punct": 0.7743247588570372,
        "liwc_ppron": 0.49540990770239235,
        "liwc_ipron": 0.422582465557566,
        "liwc_article": 0.5160751882055401,
        "liwc_conj": 0.5658470020424216,
        "liwc_prep": 0.46989156129195553,
        "liwc_auxvb": 0.4460393020062289,
        "liwc_adverb": 0.48178679669992985,
        "liwc_negate": 0.6975587542259497,
        "liwc_quant": 0.6988683715680554,
        "propn": 0.047,
        "novel_tok": 0.7252195595819204,
        "pos_mean": 0.5916793580617526,
        "liwc_mean": 0.5326732610333377
    },
    "4": {
        "utter_diff": 0.5988648692117325,
        "pos_adj": 0.46758020303624304,
        "pos_adv": 0.4595704602531023,
        "pos_intj": 0.6343861157652024,
        "pos_noun": 0.47241058617022297,
        "pos_propn": 0.7239540227487617,
        "pos_verb": 0.48984448142772413,
        "pos_adp": 0.43221187275217315,
        "pos_aux": 0.5084294697770492,
        "pos_cconj": 0.6197966221853705,
        "pos_det": 0.44451369330420426,
        "pos_num": 0.8909087664556492,
        "pos_part": 0.5059082304604376,
        "pos_pron": 0.5741707221245204,
        "pos_sconj": 0.7250172413488776,
        "pos_punct": 0.7670136805760362,
        "liwc_ppron": 0.5078367635466855,
        "liwc_ipron": 0.4438565311585484,
        "liwc_article": 0.4722715572595461,
        "liwc_conj": 0.5209647221717022,
        "liwc_prep": 0.43480952230952113,
        "liwc_auxvb": 0.4588986236117244,
        "liwc_adverb": 0.4718694813873635,
        "liwc_negate": 0.7138004645833829,
        "liwc_quant": 0.6672161371116937,
        "propn": 0.092,
        "novel_tok": 0.7290010504600862,
        "pos_mean": 0.5810477445590384,
        "liwc_mean": 0.5212804225711297
    }
}