{
    "0": {
        "utter_diff": 0.5754799658998219,
        "pos_adj": 0.4443763418029574,
        "pos_adv": 0.456222303517847,
        "pos_intj": 0.6264769553162869,
        "pos_noun": 0.4470887820209929,
        "pos_propn": 0.620931073065055,
        "pos_verb": 0.49896251206748377,
        "pos_adp": 0.440990404949045,
        "pos_aux": 0.49911274697439245,
        "pos_cconj": 0.6764742479316691,
        "pos_det": 0.4413072431731619,
        "pos_num": 0.8895508500932418,
        "pos_part": 0.4811198974631354,
        "pos_pron": 0.5881555804053048,
        "pos_sconj": 0.7144628402302299,
        "pos_punct": 0.7538262374925087,
        "liwc_ppron": 0.5343905751657017,
        "liwc_ipron": 0.44073167526706225,
        "liwc_article": 0.4627519206908363,
        "liwc_conj": 0.5398852298407668,
        "liwc_prep": 0.42532582438441,
        "liwc_auxvb": 0.43397878281725677,
        "liwc_adverb": 0.45220464994757426,
        "liwc_negate": 0.7239394920811291,
        "liwc_quant": 0.6848484636017481,
        "propn": 0.038,
        "novel_tok": 0.7208103086261338,
        "pos_mean": 0.5719372011002207,
        "liwc_mean": 0.5220062904218317
    },
    "1": {
        "utter_diff": 0.5929210862471506,
        "pos_adj": 0.48846533169529077,
        "pos_adv": 0.5112646676858283,
        "pos_intj": 0.6082988701463823,
        "pos_noun": 0.4593456495464035,
        "pos_propn": 0.6883056412628674,
        "pos_verb": 0.4994715244375574,
        "pos_adp": 0.47060137221631504,
        "pos_aux": 0.4989318935591652,
        "pos_cconj": 0.6866926108651383,
        "pos_det": 0.4431922535141426,
        "pos_num": 0.8883829528489827,
        "pos_part": 0.49935783304435744,
        "pos_pron": 0.5593892079603655,
        "pos_sconj": 0.7517867607278258,
        "pos_punct": 0.7395981122992925,
        "liwc_ppron": 0.5147058189735837,
        "liwc_ipron": 0.4439213829892048,
        "liwc_article": 0.5055819423945471,
        "liwc_conj": 0.5657622377660718,
        "liwc_prep": 0.44028861802680685,
        "liwc_auxvb": 0.45629217497551566,
        "liwc_adverb": 0.5082116976084494,
        "liwc_negate": 0.69648032477742,
        "liwc_quant": 0.6952379331711929,
        "propn": 0.039,
        "novel_tok": 0.7148917195132214,
        "pos_mean": 0.5862056454539943,
        "liwc_mean": 0.5362757922980881
    },
    "2": {
        "utter_diff": 0.5799267075768058,
        "pos_adj": 0.4566675556677141,
        "pos_adv": 0.46651731001866575,
        "pos_intj": 0.6031142699740291,
        "pos_noun": 0.465414537995306,
        "pos_propn": 0.682102151001278,
        "pos_verb": 0.4772244189999419,
        "pos_adp": 0.4486848834685754,
        "pos_aux": 0.4766204483731782,
        "pos_cconj": 0.6539719570763399,
        "pos_det": 0.42958166481004245,
        "pos_num": 0.8791670838669425,
        "pos_part": 0.4704941610612099,
        "pos_pron": 0.5653969468266683,
        "pos_sconj": 0.7305905369907106,
        "pos_punct": 0.7435981003444203,
        "liwc_ppron": 0.5306421010284749,
        "liwc_ipron": 0.44894499277788585,
        "liwc_article": 0.4765563117998895,
        "liwc_conj": 0.5547230937340121,
        "liwc_prep": 0.44404976584885464,
        "liwc_auxvb": 0.43408895157119803,
        "liwc_adverb": 0.4528430156704055,
        "liwc_negate": 0.693558550902346,
        "liwc_quant": 0.6576722320714083,
        "propn": 0.042,
        "novel_tok": 0.7230210838605233,
        "pos_mean": 0.5699430684316682,
        "liwc_mean": 0.5214532239338304
    },
    "3": {
        "utter_diff": 0.6017468690197373,
        "pos_adj": 0.5027681942166311,
        "pos_adv": 0.5098006516535409,
        "pos_intj": 0.6202839233793315,
        "pos_noun": 0.4683523552201125,
        "pos_propn": 0.7316163072455724,
        "pos_verb": 0.5037967855125438,
        "pos_adp": 0.4843139545639751,
        "pos_aux": 0.5149488099217531,
        "pos_cconj": 0.6678819862838342,
        "pos_det": 0.4771912222614345,
        "pos_num": 0.8976851646676185,
        "pos_part": 0.5079136631249404,
        "pos_pron": 0.5713327798136514,
        "pos_sconj": 0.7307016833826115,
        "pos_punct": 0.7460573672494305,
        "liwc_ppron": 0.5206722064713273,
        "liwc_ipron": 0.46053336460583727,
        "liwc_article": 0.5325710870477173,
        "liwc_conj": 0.5547466574725536,
        "liwc_prep": 0.46610241720709206,
        "liwc_auxvb": 0.46238815837637326,
        "liwc_adverb": 0.487653749806738,
        "liwc_negate": 0.670586828822188,
        "liwc_quant": 0.7044175850467027,
        "propn": 0.062,
        "novel_tok": 0.6993802005393374,
        "pos_mean": 0.5956429898997988,
        "liwc_mean": 0.5399635616507256
    },
    "4": {
        "utter_diff": 0.5882908083593797,
        "pos_adj": 0.4849812099426864,
        "pos_adv": 0.45836824712750174,
        "pos_intj": 0.6064975511063125,
        "pos_noun": 0.4845125765439237,
        "pos_propn": 0.7074839796997019,
        "pos_verb": 0.5071034679079373,
        "pos_adp": 0.4689296463653264,
        "pos_aux": 0.5135495393311235,
        "pos_cconj": 0.6515461977426876,
        "pos_det": 0.46388328156904746,
        "pos_num": 0.8920272495466274,
        "pos_part": 0.5161813379048331,
        "pos_pron": 0.5773934771270863,
        "pos_sconj": 0.7297698809780931,
        "pos_punct": 0.74924185501561,
        "liwc_ppron": 0.5360038894404201,
        "liwc_ipron": 0.4766745372320858,
        "liwc_article": 0.5026989794694663,
        "liwc_conj": 0.5614640279205065,
        "liwc_prep": 0.4569258543200099,
        "liwc_auxvb": 0.4872313388035881,
        "liwc_adverb": 0.5050161597305363,
        "liwc_negate": 0.6913473665939565,
        "liwc_quant": 0.6731307894418928,
        "propn": 0.061,
        "novel_tok": 0.6955140915991459,
        "pos_mean": 0.5874312998605665,
        "liwc_mean": 0.5433881047724958
    }
}