{
    "0": {
        "utter_diff": 0.40960763309850984,
        "pos_adj": 0.490618182751711,
        "pos_adv": 0.3445187104218892,
        "pos_intj": 0.36902726335919045,
        "pos_noun": 0.667132327767036,
        "pos_propn": 0.22875532484745675,
        "pos_verb": 0.5814123116448523,
        "pos_adp": 0.5660943273167514,
        "pos_aux": 0.5861578261626745,
        "pos_cconj": 0.3199531937569919,
        "pos_det": 0.6623292637405249,
        "pos_num": 0.373383437855875,
        "pos_part": 0.31683225483196337,
        "pos_pron": 0.5778930961631683,
        "pos_sconj": 0.3434743490099179,
        "pos_punct": 0.8007806067295944,
        "liwc_ppron": 0.44501862703656303,
        "liwc_ipron": 0.4283184576079625,
        "liwc_article": 0.6005532025213303,
        "liwc_conj": 0.36290844356491914,
        "liwc_prep": 0.6282571023954797,
        "liwc_auxvb": 0.4805959742101501,
        "liwc_adverb": 0.4210480319985099,
        "liwc_negate": 0.6312816277318902,
        "liwc_quant": 0.283671502151015,
        "propn": 0.272,
        "novel_tok": 0.45223528410245106,
        "pos_mean": 0.4818908317573065,
        "liwc_mean": 0.47573921880198
    },
    "1": {
        "utter_diff": 0.4368369442179664,
        "pos_adj": 0.40828942556049613,
        "pos_adv": 0.39437542046841734,
        "pos_intj": 0.3679382639561645,
        "pos_noun": 0.49512000778292525,
        "pos_propn": 0.47990370368767865,
        "pos_verb": 0.46146751613512743,
        "pos_adp": 0.44742190359341966,
        "pos_aux": 0.44146090444966635,
        "pos_cconj": 0.4837273413805364,
        "pos_det": 0.39523319986376343,
        "pos_num": 0.7199529771206703,
        "pos_part": 0.4481833309614654,
        "pos_pron": 0.5645913960701119,
        "pos_sconj": 0.5295235975982068,
        "pos_punct": 0.6891541268929557,
        "liwc_ppron": 0.46419568920950954,
        "liwc_ipron": 0.39589649834089996,
        "liwc_article": 0.38218166976464557,
        "liwc_conj": 0.436582834103494,
        "liwc_prep": 0.4730430392657253,
        "liwc_auxvb": 0.45149733630291844,
        "liwc_adverb": 0.37622719910481106,
        "liwc_negate": 0.6914486592188596,
        "liwc_quant": 0.5079619878593497,
        "propn": 0.089,
        "novel_tok": 0.567103103840981,
        "pos_mean": 0.48842287436810694,
        "liwc_mean": 0.4643372125744681
    },
    "2": {
        "utter_diff": 0.6645949816354675,
        "pos_adj": 0.44318396713809927,
        "pos_adv": 0.3811141426267044,
        "pos_intj": 0.39895512191708177,
        "pos_noun": 0.609494474746508,
        "pos_propn": 0.4381442271072588,
        "pos_verb": 0.5544152231767225,
        "pos_adp": 0.5335402246460095,
        "pos_aux": 0.652417693857563,
        "pos_cconj": 0.4509972975780602,
        "pos_det": 0.6049046121614707,
        "pos_num": 0.7064903255932653,
        "pos_part": 0.4426312301690257,
        "pos_pron": 0.6191301369983745,
        "pos_sconj": 0.4737156908227016,
        "pos_punct": 0.7704910223934458,
        "liwc_ppron": 0.49453972490492004,
        "liwc_ipron": 0.5018562904933177,
        "liwc_article": 0.5126276423596751,
        "liwc_conj": 0.40827556490658806,
        "liwc_prep": 0.5727410852067226,
        "liwc_auxvb": 0.5076640643986853,
        "liwc_adverb": 0.4503544892301297,
        "liwc_negate": 0.736182121597152,
        "liwc_quant": 0.4727518912619081,
        "propn": 0.115,
        "novel_tok": 0.5863222767722689,
        "pos_mean": 0.5386416927288192,
        "liwc_mean": 0.5174436527065666
    },
    "3": {
        "utter_diff": 0.445773682284234,
        "pos_adj": 0.4990449802449392,
        "pos_adv": 0.37482666197086634,
        "pos_intj": 0.41234989313777676,
        "pos_noun": 0.6484801672048515,
        "pos_propn": 0.4293275430288742,
        "pos_verb": 0.5826720984178038,
        "pos_adp": 0.5593443215445567,
        "pos_aux": 0.6668960439950616,
        "pos_cconj": 0.35180499241717167,
        "pos_det": 0.6420136981013118,
        "pos_num": 0.4828547526325998,
        "pos_part": 0.37033748699852725,
        "pos_pron": 0.6628297170600504,
        "pos_sconj": 0.36806768927762923,
        "pos_punct": 0.7775960954639313,
        "liwc_ppron": 0.5162275995933479,
        "liwc_ipron": 0.5264010940759039,
        "liwc_article": 0.5731333852788938,
        "liwc_conj": 0.3884897206646557,
        "liwc_prep": 0.6177278120935885,
        "liwc_auxvb": 0.5284555811563035,
        "liwc_adverb": 0.4945622330041071,
        "liwc_negate": 0.5455551310227486,
        "liwc_quant": 0.3434764576115026,
        "propn": 0.216,
        "novel_tok": 0.41755270274903605,
        "pos_mean": 0.5218964094330634,
        "liwc_mean": 0.5037810016112281
    },
    "4": {
        "utter_diff": 0.6670878740092268,
        "pos_adj": 0.498666532634202,
        "pos_adv": 0.4312058366552402,
        "pos_intj": 0.38541173834403697,
        "pos_noun": 0.6404991004980654,
        "pos_propn": 0.5429314364817346,
        "pos_verb": 0.5689097250156542,
        "pos_adp": 0.5337943929209057,
        "pos_aux": 0.6465236328522266,
        "pos_cconj": 0.4504256745806779,
        "pos_det": 0.6233636730849377,
        "pos_num": 0.7507628391634685,
        "pos_part": 0.5291159925232715,
        "pos_pron": 0.6386976802464729,
        "pos_sconj": 0.4879071243465677,
        "pos_punct": 0.7701650926294604,
        "liwc_ppron": 0.5374647423441944,
        "liwc_ipron": 0.5527981535317691,
        "liwc_article": 0.5331992546419396,
        "liwc_conj": 0.4034192167831041,
        "liwc_prep": 0.5720790221081256,
        "liwc_auxvb": 0.5441977894694281,
        "liwc_adverb": 0.5076579198251082,
        "liwc_negate": 0.7515787946672365,
        "liwc_quant": 0.5158213195423652,
        "propn": 0.197,
        "novel_tok": 0.5310039045175249,
        "pos_mean": 0.5665586981317948,
        "liwc_mean": 0.5464684681014744
    }
}