{
    "0": {
        "utter_diff": 0.64894778689426,
        "pos_adj": 0.49492297053589246,
        "pos_adv": 0.5721846450654233,
        "pos_intj": 0.6860175910025498,
        "pos_noun": 0.45466900080091144,
        "pos_propn": 0.630870526096946,
        "pos_verb": 0.4653326176065382,
        "pos_adp": 0.5205663603633797,
        "pos_aux": 0.5129900200623284,
        "pos_cconj": 0.7601008010508227,
        "pos_det": 0.4687596818235624,
        "pos_num": 0.9026246440361932,
        "pos_part": 0.474295765392489,
        "pos_pron": 0.5965443978549261,
        "pos_sconj": 0.76426739502939,
        "pos_punct": 0.7606684856126161,
        "liwc_ppron": 0.5483670056093091,
        "liwc_ipron": 0.4863055631236928,
        "liwc_article": 0.5306548849795147,
        "liwc_conj": 0.6226432663268293,
        "liwc_prep": 0.46402129241809015,
        "liwc_auxvb": 0.423546621807858,
        "liwc_adverb": 0.5340942848574973,
        "liwc_negate": 0.6876084457968702,
        "liwc_quant": 0.7843162931350764,
        "propn": 0.023,
        "novel_tok": 0.6906907684215645,
        "pos_mean": 0.6043209934889313,
        "liwc_mean": 0.5646175175616376
    },
    "1": {
        "utter_diff": 0.6749793962397245,
        "pos_adj": 0.5359146918517202,
        "pos_adv": 0.5757298951576456,
        "pos_intj": 0.681832702082802,
        "pos_noun": 0.5148555218769381,
        "pos_propn": 0.7193838430769052,
        "pos_verb": 0.5115689533407289,
        "pos_adp": 0.5506353943360871,
        "pos_aux": 0.5134263427729338,
        "pos_cconj": 0.7850170493801457,
        "pos_det": 0.5066407253336331,
        "pos_num": 0.9140785614081305,
        "pos_part": 0.5126531266918307,
        "pos_pron": 0.5961414208737784,
        "pos_sconj": 0.8057703578304145,
        "pos_punct": 0.7591446994202731,
        "liwc_ppron": 0.5518369924289525,
        "liwc_ipron": 0.5282462601705036,
        "liwc_article": 0.5539390415181894,
        "liwc_conj": 0.6690284500254481,
        "liwc_prep": 0.5250071414892269,
        "liwc_auxvb": 0.4940394288398277,
        "liwc_adverb": 0.567384160346759,
        "liwc_negate": 0.6707770388532417,
        "liwc_quant": 0.8033861725733218,
        "propn": 0.03,
        "novel_tok": 0.6414240931977703,
        "pos_mean": 0.6321862190289311,
        "liwc_mean": 0.5959605206939412
    },
    "2": {
        "utter_diff": 0.6295966542312414,
        "pos_adj": 0.5238642669314041,
        "pos_adv": 0.5522775269366813,
        "pos_intj": 0.6768623575476997,
        "pos_noun": 0.43774622597917995,
        "pos_propn": 0.6967684814241769,
        "pos_verb": 0.44917712480675676,
        "pos_adp": 0.5049001204077415,
        "pos_aux": 0.5096094527481726,
        "pos_cconj": 0.745410030929824,
        "pos_det": 0.41266065976241784,
        "pos_num": 0.9023353351764756,
        "pos_part": 0.49366365474667034,
        "pos_pron": 0.5715518353664153,
        "pos_sconj": 0.7641836013980506,
        "pos_punct": 0.7581620132414235,
        "liwc_ppron": 0.5277189482386547,
        "liwc_ipron": 0.4969273664751296,
        "liwc_article": 0.4910961450301844,
        "liwc_conj": 0.62192842515041,
        "liwc_prep": 0.48340759417448065,
        "liwc_auxvb": 0.4556544596032182,
        "liwc_adverb": 0.5283442480293128,
        "liwc_negate": 0.6705059859879957,
        "liwc_quant": 0.7458316436662303,
        "propn": 0.02,
        "novel_tok": 0.683332743077572,
        "pos_mean": 0.5999448458268726,
        "liwc_mean": 0.5579349795950684
    },
    "3": {
        "utter_diff": 0.7012591127203038,
        "pos_adj": 0.5837432013143764,
        "pos_adv": 0.5969201331155923,
        "pos_intj": 0.7209755853402332,
        "pos_noun": 0.562150353346794,
        "pos_propn": 0.7657260062367972,
        "pos_verb": 0.5268446927823869,
        "pos_adp": 0.5804503815350319,
        "pos_aux": 0.5726641391324946,
        "pos_cconj": 0.7858042514349409,
        "pos_det": 0.5656296094931597,
        "pos_num": 0.9182187296698171,
        "pos_part": 0.5568807176281607,
        "pos_pron": 0.629221140199641,
        "pos_sconj": 0.8066616326586385,
        "pos_punct": 0.7908581385109584,
        "liwc_ppron": 0.5790951821558187,
        "liwc_ipron": 0.5684404524739971,
        "liwc_article": 0.6153129048532676,
        "liwc_conj": 0.677318574277023,
        "liwc_prep": 0.5434750382164334,
        "liwc_auxvb": 0.5437541946464836,
        "liwc_adverb": 0.6111657429942194,
        "liwc_negate": 0.6769914897921272,
        "liwc_quant": 0.8126466652713356,
        "propn": 0.064,
        "novel_tok": 0.5634291027453757,
        "pos_mean": 0.6641832474932683,
        "liwc_mean": 0.6253555827423006
    },
    "4": {
        "utter_diff": 0.633096133580194,
        "pos_adj": 0.5576322818768954,
        "pos_adv": 0.5677067865592317,
        "pos_intj": 0.673290292650607,
        "pos_noun": 0.474199555400244,
        "pos_propn": 0.744927947955961,
        "pos_verb": 0.5188782077666751,
        "pos_adp": 0.5373995455795207,
        "pos_aux": 0.5257192151265984,
        "pos_cconj": 0.7341631516617552,
        "pos_det": 0.48142181728978034,
        "pos_num": 0.9038231180190538,
        "pos_part": 0.5498979639717756,
        "pos_pron": 0.6139593088202803,
        "pos_sconj": 0.761621587745158,
        "pos_punct": 0.7614767836776448,
        "liwc_ppron": 0.5560175172305775,
        "liwc_ipron": 0.5186367178298558,
        "liwc_article": 0.5514588241944165,
        "liwc_conj": 0.6011876427642117,
        "liwc_prep": 0.4841979845911471,
        "liwc_auxvb": 0.4797597261321835,
        "liwc_adverb": 0.5542098834710678,
        "liwc_negate": 0.6550065100616619,
        "liwc_quant": 0.7841954822894821,
        "propn": 0.048,
        "novel_tok": 0.6256723861589047,
        "pos_mean": 0.627074504273412,
        "liwc_mean": 0.5760744765071782
    }
}