{
    "0": {
        "utter_diff": 0.6815901221110974,
        "pos_adj": 0.4501276887154872,
        "pos_adv": 0.4483798436105107,
        "pos_intj": 0.5354093473079231,
        "pos_noun": 0.5171096593132232,
        "pos_propn": 0.6294982012546858,
        "pos_verb": 0.5053289867957843,
        "pos_adp": 0.4675064860783847,
        "pos_aux": 0.5480392557049174,
        "pos_cconj": 0.5906887027138026,
        "pos_det": 0.45647799351269686,
        "pos_num": 0.8176749568683945,
        "pos_part": 0.5538773764926734,
        "pos_pron": 0.6266035262546087,
        "pos_sconj": 0.6923645857880083,
        "pos_punct": 0.7915208863590555,
        "liwc_ppron": 0.5403874734764732,
        "liwc_ipron": 0.41036700780051816,
        "liwc_article": 0.4997062404068694,
        "liwc_conj": 0.4671221129672624,
        "liwc_prep": 0.4813617968377191,
        "liwc_auxvb": 0.4747181574213114,
        "liwc_adverb": 0.45275929907320056,
        "liwc_negate": 0.8868131000576427,
        "liwc_quant": 0.6156796789013583,
        "propn": 0.014144271570014143,
        "novel_tok": 0.7868914390979835,
        "pos_mean": 0.5753738331180105,
        "liwc_mean": 0.5365460963269284
    },
    "1": {
        "utter_diff": 0.696065944783601,
        "pos_adj": 0.4407216891720857,
        "pos_adv": 0.4509563819469691,
        "pos_intj": 0.4996789386948319,
        "pos_noun": 0.551620515759352,
        "pos_propn": 0.7301059892720706,
        "pos_verb": 0.4992146786397515,
        "pos_adp": 0.46201696881856713,
        "pos_aux": 0.5539948183035407,
        "pos_cconj": 0.583794047778008,
        "pos_det": 0.48721868326699896,
        "pos_num": 0.7756440947437583,
        "pos_part": 0.5424308569135785,
        "pos_pron": 0.6210508268977977,
        "pos_sconj": 0.7376674329112691,
        "pos_punct": 0.7776410278955592,
        "liwc_ppron": 0.5178101456866565,
        "liwc_ipron": 0.4524577768241368,
        "liwc_article": 0.48737793861095063,
        "liwc_conj": 0.48369570639262305,
        "liwc_prep": 0.47725951331340016,
        "liwc_auxvb": 0.48344296894369676,
        "liwc_adverb": 0.4678253706027792,
        "liwc_negate": 0.8376622474520165,
        "liwc_quant": 0.5996670797313898,
        "propn": 0.015558698727015558,
        "novel_tok": 0.7581724595052817,
        "pos_mean": 0.5809171300676093,
        "liwc_mean": 0.5341331941730721
    },
    "2": {
        "utter_diff": 0.6622381241038864,
        "pos_adj": 0.4492372998160251,
        "pos_adv": 0.4319199524544257,
        "pos_intj": 0.5198224498919735,
        "pos_noun": 0.5145015155793983,
        "pos_propn": 0.7772639561963267,
        "pos_verb": 0.5114877413492844,
        "pos_adp": 0.4300850447122599,
        "pos_aux": 0.5392871008591307,
        "pos_cconj": 0.5730800575972983,
        "pos_det": 0.46471989962018045,
        "pos_num": 0.7922426379172017,
        "pos_part": 0.5377550864232954,
        "pos_pron": 0.6111910698006356,
        "pos_sconj": 0.707929432367637,
        "pos_punct": 0.77522913542149,
        "liwc_ppron": 0.4982045421616975,
        "liwc_ipron": 0.4105821441341887,
        "liwc_article": 0.4381833726794455,
        "liwc_conj": 0.4664271967682493,
        "liwc_prep": 0.4410252346433386,
        "liwc_auxvb": 0.4808303576388739,
        "liwc_adverb": 0.45714352385687756,
        "liwc_negate": 0.8467252130550601,
        "liwc_quant": 0.5972976900911873,
        "propn": 0.018387553041018388,
        "novel_tok": 0.7865685469287411,
        "pos_mean": 0.5757168253337708,
        "liwc_mean": 0.5151576972254355
    },
    "3": {
        "utter_diff": 0.6919452422029975,
        "pos_adj": 0.47607756596400747,
        "pos_adv": 0.45273849289887375,
        "pos_intj": 0.5190834687665008,
        "pos_noun": 0.510407696588156,
        "pos_propn": 0.7974223043447088,
        "pos_verb": 0.5084558892900006,
        "pos_adp": 0.4704983814070004,
        "pos_aux": 0.5668207117502848,
        "pos_cconj": 0.5782038617796139,
        "pos_det": 0.46862629296558933,
        "pos_num": 0.7579998921299814,
        "pos_part": 0.5985781009795863,
        "pos_pron": 0.6324844621207631,
        "pos_sconj": 0.7013170602455717,
        "pos_punct": 0.7862284165681792,
        "liwc_ppron": 0.5277795366444434,
        "liwc_ipron": 0.47213440186399147,
        "liwc_article": 0.4841863974737276,
        "liwc_conj": 0.5057887082020759,
        "liwc_prep": 0.47650713545701084,
        "liwc_auxvb": 0.4923142220392622,
        "liwc_adverb": 0.44680033899502203,
        "liwc_negate": 0.7956130565098859,
        "liwc_quant": 0.5876682776857769,
        "propn": 0.014144271570014143,
        "novel_tok": 0.7467638773563087,
        "pos_mean": 0.5883295065199211,
        "liwc_mean": 0.5320880083190218
    },
    "4": {
        "utter_diff": 0.6743450672995865,
        "pos_adj": 0.47223308423220767,
        "pos_adv": 0.4484398223342109,
        "pos_intj": 0.49008957307723344,
        "pos_noun": 0.52958374807777,
        "pos_propn": 0.815551474970249,
        "pos_verb": 0.5417873212681298,
        "pos_adp": 0.47625267746786343,
        "pos_aux": 0.5323377104169208,
        "pos_cconj": 0.5775963583606294,
        "pos_det": 0.5071235221706891,
        "pos_num": 0.79782647816215,
        "pos_part": 0.595312439287441,
        "pos_pron": 0.6298271668625686,
        "pos_sconj": 0.6944389879866606,
        "pos_punct": 0.7818110484888254,
        "liwc_ppron": 0.5543441780351978,
        "liwc_ipron": 0.4367194921652027,
        "liwc_article": 0.4846745191410609,
        "liwc_conj": 0.46827424752521635,
        "liwc_prep": 0.48656802811401834,
        "liwc_auxvb": 0.4497973416913345,
        "liwc_adverb": 0.4548504494540042,
        "liwc_negate": 0.8318888860083017,
        "liwc_quant": 0.5693039298545592,
        "propn": 0.04950495049504951,
        "novel_tok": 0.7610279127232837,
        "pos_mean": 0.5926807608775699,
        "liwc_mean": 0.5262690079987662
    }
}