{
    "0": {
        "utter_diff": 0.4410600399964019,
        "pos_adj": 0.5888767008086873,
        "pos_adv": 0.4488541766476641,
        "pos_intj": 0.39442697194376636,
        "pos_noun": 0.7539727589293114,
        "pos_propn": 0.3196717612564818,
        "pos_verb": 0.6760247285252386,
        "pos_adp": 0.6048884665937844,
        "pos_aux": 0.6477816352626226,
        "pos_cconj": 0.39370151098176354,
        "pos_det": 0.7277166682453732,
        "pos_num": 0.38857668567907194,
        "pos_part": 0.35305257429249765,
        "pos_pron": 0.6070517020546323,
        "pos_sconj": 0.3802134958966926,
        "pos_punct": 0.821304503549079,
        "liwc_ppron": 0.4900633537135454,
        "liwc_ipron": 0.5133227156770159,
        "liwc_article": 0.6763715462972368,
        "liwc_conj": 0.47572103698855056,
        "liwc_prep": 0.6526713060625619,
        "liwc_auxvb": 0.5622729518001277,
        "liwc_adverb": 0.4549020261935634,
        "liwc_negate": 0.6615435249091833,
        "liwc_quant": 0.33023259655697873,
        "propn": 0.499,
        "novel_tok": 0.5046819637390988,
        "pos_mean": 0.5404076227111112,
        "liwc_mean": 0.5352334509109737
    },
    "1": {
        "utter_diff": 0.4292755776976731,
        "pos_adj": 0.37693603475102966,
        "pos_adv": 0.4044846197164897,
        "pos_intj": 0.3944710266046469,
        "pos_noun": 0.4840858964142286,
        "pos_propn": 0.4479146276937644,
        "pos_verb": 0.48407380129793426,
        "pos_adp": 0.42996612023358965,
        "pos_aux": 0.44408403575372274,
        "pos_cconj": 0.42243453167250855,
        "pos_det": 0.3685399515194974,
        "pos_num": 0.6823833910943965,
        "pos_part": 0.4413238886770363,
        "pos_pron": 0.5186314026739852,
        "pos_sconj": 0.540899955020736,
        "pos_punct": 0.7028850428841737,
        "liwc_ppron": 0.44150963008033767,
        "liwc_ipron": 0.38133092707482585,
        "liwc_article": 0.3609592712822732,
        "liwc_conj": 0.40450683553562344,
        "liwc_prep": 0.4557062413379881,
        "liwc_auxvb": 0.44434683691241555,
        "liwc_adverb": 0.4201531127924048,
        "liwc_negate": 0.7114936932845571,
        "liwc_quant": 0.49754659511686666,
        "propn": 0.128,
        "novel_tok": 0.6492768748653509,
        "pos_mean": 0.4762076217338493,
        "liwc_mean": 0.4575059048241436
    },
    "2": {
        "utter_diff": 0.6781363418468015,
        "pos_adj": 0.44790864487688536,
        "pos_adv": 0.43159995544072405,
        "pos_intj": 0.45338318370201514,
        "pos_noun": 0.6832924137547925,
        "pos_propn": 0.4688326150848104,
        "pos_verb": 0.6262439334430354,
        "pos_adp": 0.5584989508343724,
        "pos_aux": 0.6842637392916936,
        "pos_cconj": 0.4340891072066714,
        "pos_det": 0.6449200917043532,
        "pos_num": 0.6781130706674702,
        "pos_part": 0.4389895932209288,
        "pos_pron": 0.5902988063690509,
        "pos_sconj": 0.4812972025521826,
        "pos_punct": 0.7867000139683044,
        "liwc_ppron": 0.5045709161385368,
        "liwc_ipron": 0.5365606218855138,
        "liwc_article": 0.5506542943821586,
        "liwc_conj": 0.44133474197749356,
        "liwc_prep": 0.5973645454554962,
        "liwc_auxvb": 0.5501561090170606,
        "liwc_adverb": 0.4650710302149302,
        "liwc_negate": 0.7726774983222701,
        "liwc_quant": 0.46757268895380255,
        "propn": 0.207,
        "novel_tok": 0.650274495277646,
        "pos_mean": 0.5605620881411526,
        "liwc_mean": 0.5428847162608069
    },
    "3": {
        "utter_diff": 0.47138085960391446,
        "pos_adj": 0.5691018244827599,
        "pos_adv": 0.46527612049063455,
        "pos_intj": 0.37568866121260636,
        "pos_noun": 0.7136884132425227,
        "pos_propn": 0.4618988182781779,
        "pos_verb": 0.645263577100094,
        "pos_adp": 0.5823315356140667,
        "pos_aux": 0.702559058618562,
        "pos_cconj": 0.4331007327756444,
        "pos_det": 0.6857380927076215,
        "pos_num": 0.49472810394914474,
        "pos_part": 0.36337460198854477,
        "pos_pron": 0.6481523239369683,
        "pos_sconj": 0.37116137861107446,
        "pos_punct": 0.7939233569537247,
        "liwc_ppron": 0.516436272842193,
        "liwc_ipron": 0.5594282670097696,
        "liwc_article": 0.6327685362602314,
        "liwc_conj": 0.48146571895826606,
        "liwc_prep": 0.6370245436513913,
        "liwc_auxvb": 0.580240191850259,
        "liwc_adverb": 0.48773700969419437,
        "liwc_negate": 0.5454413725339443,
        "liwc_quant": 0.3361616049934934,
        "propn": 0.322,
        "novel_tok": 0.49975644417448045,
        "pos_mean": 0.5537324399974765,
        "liwc_mean": 0.5307448353104158
    },
    "4": {
        "utter_diff": 0.658043905850713,
        "pos_adj": 0.49488189233654206,
        "pos_adv": 0.4314387576632438,
        "pos_intj": 0.4457551673308443,
        "pos_noun": 0.6791995041881639,
        "pos_propn": 0.5406377003973359,
        "pos_verb": 0.6038060513702076,
        "pos_adp": 0.5261004032647362,
        "pos_aux": 0.6607937372856193,
        "pos_cconj": 0.42063555057833696,
        "pos_det": 0.6399025936377266,
        "pos_num": 0.7257440212866564,
        "pos_part": 0.47293945972910734,
        "pos_pron": 0.5912775470767165,
        "pos_sconj": 0.49485723273487503,
        "pos_punct": 0.7717672105586361,
        "liwc_ppron": 0.524955946880684,
        "liwc_ipron": 0.540421686277181,
        "liwc_article": 0.5208730743842406,
        "liwc_conj": 0.4412953797613756,
        "liwc_prep": 0.5596315595459198,
        "liwc_auxvb": 0.5491257273036366,
        "liwc_adverb": 0.46427273384654233,
        "liwc_negate": 0.7694950559761332,
        "liwc_quant": 0.5000658003103441,
        "propn": 0.356,
        "novel_tok": 0.5926339334289917,
        "pos_mean": 0.5666491219625832,
        "liwc_mean": 0.5411263293651175
    }
}