{
    "0": {
        "utter_diff": 0.43003643224835036,
        "pos_adj": 0.5071585819780254,
        "pos_adv": 0.3779259697787666,
        "pos_intj": 0.3306033390986109,
        "pos_noun": 0.6680138038613008,
        "pos_propn": 0.19354603191710235,
        "pos_verb": 0.5921681377920298,
        "pos_adp": 0.5070519673554779,
        "pos_aux": 0.5906834896921285,
        "pos_cconj": 0.34038496047812394,
        "pos_det": 0.6689829119377397,
        "pos_num": 0.370062238425311,
        "pos_part": 0.31001508435985464,
        "pos_pron": 0.5764921786786321,
        "pos_sconj": 0.3578375923575027,
        "pos_punct": 0.8108020840395804,
        "liwc_ppron": 0.4535733342268412,
        "liwc_ipron": 0.42152239503201755,
        "liwc_article": 0.6120095045031007,
        "liwc_conj": 0.38764097098945893,
        "liwc_prep": 0.578494172194952,
        "liwc_auxvb": 0.4674742647544586,
        "liwc_adverb": 0.44429514084876803,
        "liwc_negate": 0.6449090159332721,
        "liwc_quant": 0.27962173158638937,
        "propn": 0.252,
        "novel_tok": 0.40635158229408624,
        "pos_mean": 0.48011522478334573,
        "liwc_mean": 0.47661561445213985
    },
    "1": {
        "utter_diff": 0.4267299322284741,
        "pos_adj": 0.39520347741690026,
        "pos_adv": 0.4062554026944801,
        "pos_intj": 0.33118464819869775,
        "pos_noun": 0.475310017728806,
        "pos_propn": 0.4813130862665883,
        "pos_verb": 0.4552998820231377,
        "pos_adp": 0.44629868234135567,
        "pos_aux": 0.44743442930435245,
        "pos_cconj": 0.479296156800242,
        "pos_det": 0.38012948079191733,
        "pos_num": 0.698355971816669,
        "pos_part": 0.4357155846648932,
        "pos_pron": 0.5630970802987423,
        "pos_sconj": 0.5114670283139401,
        "pos_punct": 0.6993242981396471,
        "liwc_ppron": 0.4565598443103712,
        "liwc_ipron": 0.3686902825205347,
        "liwc_article": 0.36628084153897456,
        "liwc_conj": 0.4412684317407351,
        "liwc_prep": 0.46996136727813065,
        "liwc_auxvb": 0.45988279576797236,
        "liwc_adverb": 0.3865333290187236,
        "liwc_negate": 0.6942918028354438,
        "liwc_quant": 0.512337929257152,
        "propn": 0.076,
        "novel_tok": 0.51587033993402,
        "pos_mean": 0.48037901512002457,
        "liwc_mean": 0.4617562915853376
    },
    "2": {
        "utter_diff": 0.6761805991510754,
        "pos_adj": 0.42300867130368874,
        "pos_adv": 0.3958061886283652,
        "pos_intj": 0.3361618536780206,
        "pos_noun": 0.6293086529934172,
        "pos_propn": 0.44017565649699913,
        "pos_verb": 0.5602251590349694,
        "pos_adp": 0.49105241320667914,
        "pos_aux": 0.6571220230309613,
        "pos_cconj": 0.4867947691703839,
        "pos_det": 0.6250712296020889,
        "pos_num": 0.7095441875575967,
        "pos_part": 0.4384711743668224,
        "pos_pron": 0.62517907500367,
        "pos_sconj": 0.46859802089950825,
        "pos_punct": 0.7844983833096727,
        "liwc_ppron": 0.4977462547436976,
        "liwc_ipron": 0.5011538372470696,
        "liwc_article": 0.5208198145367073,
        "liwc_conj": 0.42449349825763893,
        "liwc_prep": 0.5486976364004148,
        "liwc_auxvb": 0.5016340112323556,
        "liwc_adverb": 0.48119715767098126,
        "liwc_negate": 0.7475154430758651,
        "liwc_quant": 0.5045369235172807,
        "propn": 0.117,
        "novel_tok": 0.5356401098189485,
        "pos_mean": 0.5380678305521894,
        "liwc_mean": 0.5253105085202233
    },
    "3": {
        "utter_diff": 0.47576247317942977,
        "pos_adj": 0.509547913501282,
        "pos_adv": 0.41846928114678056,
        "pos_intj": 0.41821668415874186,
        "pos_noun": 0.670048630135226,
        "pos_propn": 0.41111766111288484,
        "pos_verb": 0.6204492436100579,
        "pos_adp": 0.5296720188533587,
        "pos_aux": 0.6911646249891884,
        "pos_cconj": 0.4065143293995451,
        "pos_det": 0.6845411732345645,
        "pos_num": 0.509053436766172,
        "pos_part": 0.37734761492039404,
        "pos_pron": 0.6738922292675366,
        "pos_sconj": 0.3853924165132506,
        "pos_punct": 0.8027267079940235,
        "liwc_ppron": 0.5449100727870256,
        "liwc_ipron": 0.5559776171962847,
        "liwc_article": 0.6061323684261699,
        "liwc_conj": 0.43036464453172263,
        "liwc_prep": 0.5958442042502443,
        "liwc_auxvb": 0.5429979597839741,
        "liwc_adverb": 0.5414581995824511,
        "liwc_negate": 0.5487078214850092,
        "liwc_quant": 0.3465455801005707,
        "propn": 0.201,
        "novel_tok": 0.360016784804567,
        "pos_mean": 0.5405435977068671,
        "liwc_mean": 0.523659829793717
    },
    "4": {
        "utter_diff": 0.6683827761162393,
        "pos_adj": 0.5006429898121267,
        "pos_adv": 0.4144804689091622,
        "pos_intj": 0.3166475029670256,
        "pos_noun": 0.6349298550762824,
        "pos_propn": 0.5355127344360474,
        "pos_verb": 0.5844781303490958,
        "pos_adp": 0.4884946735918932,
        "pos_aux": 0.6525144128230349,
        "pos_cconj": 0.4359787174040023,
        "pos_det": 0.6283752620025067,
        "pos_num": 0.7500199091376962,
        "pos_part": 0.5001593057161164,
        "pos_pron": 0.6320834172674447,
        "pos_sconj": 0.5086161302559439,
        "pos_punct": 0.7803407897060117,
        "liwc_ppron": 0.5439579029103336,
        "liwc_ipron": 0.5500256308922712,
        "liwc_article": 0.532878326351889,
        "liwc_conj": 0.3889842162901821,
        "liwc_prep": 0.5304539633659068,
        "liwc_auxvb": 0.5322275322667519,
        "liwc_adverb": 0.4936482782401593,
        "liwc_negate": 0.749976160767871,
        "liwc_quant": 0.5251914308511761,
        "propn": 0.181,
        "novel_tok": 0.48062718258806447,
        "pos_mean": 0.557551619963626,
        "liwc_mean": 0.5385937157707268
    }
}