{
    "0": {
        "utter_diff": 0.6152343603769032,
        "pos_adj": 0.47925733716228613,
        "pos_adv": 0.4967648822087422,
        "pos_intj": 0.6772627133591148,
        "pos_noun": 0.4292377700508747,
        "pos_propn": 0.6283958363496067,
        "pos_verb": 0.4874377007739105,
        "pos_adp": 0.44169462420436956,
        "pos_aux": 0.5356498766198666,
        "pos_cconj": 0.6319412111328729,
        "pos_det": 0.4305248276903254,
        "pos_num": 0.8792333831184735,
        "pos_part": 0.40799468759602797,
        "pos_pron": 0.6259945721888929,
        "pos_sconj": 0.7236383015366284,
        "pos_punct": 0.7587668974545034,
        "liwc_ppron": 0.5496207803684229,
        "liwc_ipron": 0.42571704631403023,
        "liwc_article": 0.45662108190578793,
        "liwc_conj": 0.5341624416118432,
        "liwc_prep": 0.43144979203345496,
        "liwc_auxvb": 0.4216691386433143,
        "liwc_adverb": 0.47045640922141485,
        "liwc_negate": 0.6400977809719774,
        "liwc_quant": 0.7053422296991698,
        "propn": 0.024,
        "novel_tok": 0.7297265962033501,
        "pos_mean": 0.5755863080964331,
        "liwc_mean": 0.5150151889743796
    },
    "1": {
        "utter_diff": 0.6361546991695546,
        "pos_adj": 0.49670221608530524,
        "pos_adv": 0.528463518381593,
        "pos_intj": 0.6705583620919076,
        "pos_noun": 0.4774877923599461,
        "pos_propn": 0.6992531174152163,
        "pos_verb": 0.4921941858318791,
        "pos_adp": 0.4222008474656649,
        "pos_aux": 0.5123039214553298,
        "pos_cconj": 0.6454652827971128,
        "pos_det": 0.4391704132806383,
        "pos_num": 0.8906117368587598,
        "pos_part": 0.45068724169576774,
        "pos_pron": 0.5922843569922193,
        "pos_sconj": 0.7473587292125274,
        "pos_punct": 0.7467868332837647,
        "liwc_ppron": 0.505355827278701,
        "liwc_ipron": 0.4389522395098567,
        "liwc_article": 0.4800034477880446,
        "liwc_conj": 0.5584442600557252,
        "liwc_prep": 0.41419337406510537,
        "liwc_auxvb": 0.44654825890519906,
        "liwc_adverb": 0.49097417010321365,
        "liwc_negate": 0.6406054340383689,
        "liwc_quant": 0.7205402329346111,
        "propn": 0.061,
        "novel_tok": 0.7047436577692616,
        "pos_mean": 0.587435237013842,
        "liwc_mean": 0.5217352494087585
    },
    "2": {
        "utter_diff": 0.6163219229697046,
        "pos_adj": 0.47206925202022226,
        "pos_adv": 0.4948086718836329,
        "pos_intj": 0.6792230147255086,
        "pos_noun": 0.45272642059069934,
        "pos_propn": 0.6749832978968311,
        "pos_verb": 0.47977549098083294,
        "pos_adp": 0.4535921667071361,
        "pos_aux": 0.5200424519695334,
        "pos_cconj": 0.6136312083182892,
        "pos_det": 0.4167602435537832,
        "pos_num": 0.8714105339917373,
        "pos_part": 0.42107490414567916,
        "pos_pron": 0.6058887522141173,
        "pos_sconj": 0.6978755506720097,
        "pos_punct": 0.7566614401700187,
        "liwc_ppron": 0.5378177378255924,
        "liwc_ipron": 0.4373590834857589,
        "liwc_article": 0.4455738975765054,
        "liwc_conj": 0.5235934003207696,
        "liwc_prep": 0.44839274772616744,
        "liwc_auxvb": 0.4270868202402318,
        "liwc_adverb": 0.46750620480867566,
        "liwc_negate": 0.6239023381146448,
        "liwc_quant": 0.6738892832685043,
        "propn": 0.032,
        "novel_tok": 0.7233822195998593,
        "pos_mean": 0.5740348933226688,
        "liwc_mean": 0.50945794592965
    },
    "3": {
        "utter_diff": 0.6588368501523234,
        "pos_adj": 0.49754279251816064,
        "pos_adv": 0.5073450573480228,
        "pos_intj": 0.6773016787617117,
        "pos_noun": 0.503089183268266,
        "pos_propn": 0.7297004957641499,
        "pos_verb": 0.4915662991586852,
        "pos_adp": 0.46176931788396636,
        "pos_aux": 0.5181559156132106,
        "pos_cconj": 0.6519428785471033,
        "pos_det": 0.46899947048912827,
        "pos_num": 0.8840720757534214,
        "pos_part": 0.4850936335503603,
        "pos_pron": 0.5991080114940265,
        "pos_sconj": 0.7355189037183852,
        "pos_punct": 0.7624308035253592,
        "liwc_ppron": 0.5234354976811815,
        "liwc_ipron": 0.4775288974727559,
        "liwc_article": 0.5006714555990952,
        "liwc_conj": 0.5632643069349232,
        "liwc_prep": 0.46200938403711084,
        "liwc_auxvb": 0.4749311947701014,
        "liwc_adverb": 0.4898221169828805,
        "liwc_negate": 0.6307035340077315,
        "liwc_quant": 0.7190481644374601,
        "propn": 0.056,
        "novel_tok": 0.6941938694077143,
        "pos_mean": 0.5982424344929304,
        "liwc_mean": 0.5379349502136933
    },
    "4": {
        "utter_diff": 0.6205344832001801,
        "pos_adj": 0.5105840707915869,
        "pos_adv": 0.5018862980289153,
        "pos_intj": 0.6665315866905598,
        "pos_noun": 0.4764539768449079,
        "pos_propn": 0.7023383645551283,
        "pos_verb": 0.5357097942488317,
        "pos_adp": 0.4443164196894727,
        "pos_aux": 0.5208288594672386,
        "pos_cconj": 0.6204368406067564,
        "pos_det": 0.47316444051649004,
        "pos_num": 0.872596012057945,
        "pos_part": 0.47021083933389224,
        "pos_pron": 0.6272586860821693,
        "pos_sconj": 0.7136359913101988,
        "pos_punct": 0.7667562277190944,
        "liwc_ppron": 0.5548929372873851,
        "liwc_ipron": 0.45467861823885314,
        "liwc_article": 0.49138775424756426,
        "liwc_conj": 0.514197879900096,
        "liwc_prep": 0.44856266880923795,
        "liwc_auxvb": 0.4521716203834118,
        "liwc_adverb": 0.47424166061283396,
        "liwc_negate": 0.6391187541046537,
        "liwc_quant": 0.6850409029797997,
        "propn": 0.062,
        "novel_tok": 0.702951549916184,
        "pos_mean": 0.593513893862879,
        "liwc_mean": 0.523810310729315
    }
}