{
    "0": {
        "utter_diff": 0.4174428871018674,
        "pos_adj": 0.4699901181134936,
        "pos_adv": 0.34104224658443194,
        "pos_intj": 0.3826129269158102,
        "pos_noun": 0.6771559553261789,
        "pos_propn": 0.21635556908754522,
        "pos_verb": 0.6016736241093952,
        "pos_adp": 0.5395250058704475,
        "pos_aux": 0.581423082634837,
        "pos_cconj": 0.333943675630429,
        "pos_det": 0.6390540041638563,
        "pos_num": 0.38752711186702693,
        "pos_part": 0.31590080143127347,
        "pos_pron": 0.5661286900947876,
        "pos_sconj": 0.3470297815920211,
        "pos_punct": 0.7904542664176774,
        "liwc_ppron": 0.4373823975440194,
        "liwc_ipron": 0.4181137399457433,
        "liwc_article": 0.5903790136140399,
        "liwc_conj": 0.36674315624507225,
        "liwc_prep": 0.6102518422603423,
        "liwc_auxvb": 0.47123333813114365,
        "liwc_adverb": 0.42773763078386623,
        "liwc_negate": 0.6387612001451537,
        "liwc_quant": 0.26453448382126216,
        "propn": 0.313,
        "novel_tok": 0.4383211174098118,
        "pos_mean": 0.4793211239892808,
        "liwc_mean": 0.4694596447211825
    },
    "1": {
        "utter_diff": 0.4377345275511172,
        "pos_adj": 0.40966751028676435,
        "pos_adv": 0.41241146930988315,
        "pos_intj": 0.41764368902781435,
        "pos_noun": 0.4931953063686618,
        "pos_propn": 0.4956806603445544,
        "pos_verb": 0.46859156819254577,
        "pos_adp": 0.4347475641553727,
        "pos_aux": 0.4392737225193341,
        "pos_cconj": 0.48955966649925947,
        "pos_det": 0.3826064961938134,
        "pos_num": 0.7336098209305554,
        "pos_part": 0.4429784349348483,
        "pos_pron": 0.5612897684577072,
        "pos_sconj": 0.507198184066218,
        "pos_punct": 0.6612419597630552,
        "liwc_ppron": 0.4599886987640528,
        "liwc_ipron": 0.372567692901517,
        "liwc_article": 0.39312582815395686,
        "liwc_conj": 0.46625841615724445,
        "liwc_prep": 0.46342278886520083,
        "liwc_auxvb": 0.4453231602070426,
        "liwc_adverb": 0.3872210687170425,
        "liwc_negate": 0.7010495401550989,
        "liwc_quant": 0.5115085121215194,
        "propn": 0.078,
        "novel_tok": 0.5462913620156012,
        "pos_mean": 0.4899797214033591,
        "liwc_mean": 0.4667184117825195
    },
    "2": {
        "utter_diff": 0.6659388845471854,
        "pos_adj": 0.43538562822013427,
        "pos_adv": 0.4097649242211543,
        "pos_intj": 0.4394407391793766,
        "pos_noun": 0.617169715344753,
        "pos_propn": 0.4604216083314407,
        "pos_verb": 0.5667070881096333,
        "pos_adp": 0.5155232745111435,
        "pos_aux": 0.6447084426182396,
        "pos_cconj": 0.46129633900552763,
        "pos_det": 0.6000752150729178,
        "pos_num": 0.719677338683571,
        "pos_part": 0.45431167912363835,
        "pos_pron": 0.6029332510922113,
        "pos_sconj": 0.4504675817898133,
        "pos_punct": 0.7576922489224229,
        "liwc_ppron": 0.4943742038193973,
        "liwc_ipron": 0.4864256212789572,
        "liwc_article": 0.4981118901952656,
        "liwc_conj": 0.4137880250390426,
        "liwc_prep": 0.5662598545251808,
        "liwc_auxvb": 0.5167521104119409,
        "liwc_adverb": 0.45775352594215174,
        "liwc_negate": 0.753120465751472,
        "liwc_quant": 0.5003326888467484,
        "propn": 0.132,
        "novel_tok": 0.5638079489893413,
        "pos_mean": 0.5423716716150652,
        "liwc_mean": 0.5207687095344619
    },
    "3": {
        "utter_diff": 0.4607774172959979,
        "pos_adj": 0.4997426307618238,
        "pos_adv": 0.41043876955928665,
        "pos_intj": 0.4857196296097203,
        "pos_noun": 0.6763296585017406,
        "pos_propn": 0.4389011299028447,
        "pos_verb": 0.6023537590930375,
        "pos_adp": 0.5536418057814657,
        "pos_aux": 0.6795457620201282,
        "pos_cconj": 0.3813954203322122,
        "pos_det": 0.6522660191499825,
        "pos_num": 0.5050714338980041,
        "pos_part": 0.3761523338631542,
        "pos_pron": 0.6584047687601273,
        "pos_sconj": 0.38694772584649684,
        "pos_punct": 0.7794946954787443,
        "liwc_ppron": 0.5213279824947149,
        "liwc_ipron": 0.5259289730790707,
        "liwc_article": 0.5869839574954991,
        "liwc_conj": 0.41033109186846994,
        "liwc_prep": 0.6165736364107264,
        "liwc_auxvb": 0.5439204803671932,
        "liwc_adverb": 0.5196760036435599,
        "liwc_negate": 0.5750052638236129,
        "liwc_quant": 0.3429147146719603,
        "propn": 0.216,
        "novel_tok": 0.38416719482293077,
        "pos_mean": 0.5390937028372512,
        "liwc_mean": 0.5158513448727563
    },
    "4": {
        "utter_diff": 0.6675346708655585,
        "pos_adj": 0.5085416412782457,
        "pos_adv": 0.42739408734262185,
        "pos_intj": 0.4046419687272197,
        "pos_noun": 0.6404276092810084,
        "pos_propn": 0.5387977448677469,
        "pos_verb": 0.5882796892952256,
        "pos_adp": 0.5117211549814213,
        "pos_aux": 0.6562051486565534,
        "pos_cconj": 0.4726707628762704,
        "pos_det": 0.6108145526860729,
        "pos_num": 0.7769320563909783,
        "pos_part": 0.5134685897930842,
        "pos_pron": 0.6269759346694095,
        "pos_sconj": 0.5189745031388135,
        "pos_punct": 0.7528894989937399,
        "liwc_ppron": 0.5279198936076581,
        "liwc_ipron": 0.5082629701717652,
        "liwc_article": 0.5221477332453801,
        "liwc_conj": 0.41572631300110996,
        "liwc_prep": 0.5555416747273042,
        "liwc_auxvb": 0.5427583168164173,
        "liwc_adverb": 0.49449917190280585,
        "liwc_negate": 0.7503791224986865,
        "liwc_quant": 0.5291774849688737,
        "propn": 0.217,
        "novel_tok": 0.49970742000573143,
        "pos_mean": 0.5699156628652274,
        "liwc_mean": 0.5384902978822224
    }
}