{
    "0": {
        "utter_diff": 0.62252731484276,
        "pos_adj": 0.4914835727302826,
        "pos_adv": 0.574804469282807,
        "pos_intj": 0.6891888960687336,
        "pos_noun": 0.437662787280809,
        "pos_propn": 0.6385769462664064,
        "pos_verb": 0.4339472036505006,
        "pos_adp": 0.4916885129362839,
        "pos_aux": 0.500070125263543,
        "pos_cconj": 0.7755061105918858,
        "pos_det": 0.4514005048217795,
        "pos_num": 0.9073645801908587,
        "pos_part": 0.4574618592058307,
        "pos_pron": 0.5885654917119357,
        "pos_sconj": 0.7652164379167472,
        "pos_punct": 0.7497573936906237,
        "liwc_ppron": 0.5278268881841797,
        "liwc_ipron": 0.470473326183072,
        "liwc_article": 0.5432746433666219,
        "liwc_conj": 0.6424798191597952,
        "liwc_prep": 0.43556004706875046,
        "liwc_auxvb": 0.44321156614040136,
        "liwc_adverb": 0.5445633716235012,
        "liwc_negate": 0.6272475999412993,
        "liwc_quant": 0.7810494900750535,
        "propn": 0.009,
        "novel_tok": 0.7171265216553206,
        "pos_mean": 0.5968463261072685,
        "liwc_mean": 0.5572985279714083
    },
    "1": {
        "utter_diff": 0.6874125415233304,
        "pos_adj": 0.5142551453744089,
        "pos_adv": 0.6122821703350679,
        "pos_intj": 0.6917255083028145,
        "pos_noun": 0.5118381156417798,
        "pos_propn": 0.7255008032619967,
        "pos_verb": 0.4853441393362122,
        "pos_adp": 0.5589323092517856,
        "pos_aux": 0.5221150581767906,
        "pos_cconj": 0.7957716325508025,
        "pos_det": 0.5197917145909489,
        "pos_num": 0.9191581478204488,
        "pos_part": 0.5046773589057229,
        "pos_pron": 0.5867112447743713,
        "pos_sconj": 0.8075973975598307,
        "pos_punct": 0.7622878957580114,
        "liwc_ppron": 0.5398010354740196,
        "liwc_ipron": 0.5217115921741913,
        "liwc_article": 0.6081186478971767,
        "liwc_conj": 0.6913508746176531,
        "liwc_prep": 0.534198701385025,
        "liwc_auxvb": 0.503628499944943,
        "liwc_adverb": 0.5926964475229809,
        "liwc_negate": 0.6376287073689301,
        "liwc_quant": 0.8113095909010914,
        "propn": 0.039,
        "novel_tok": 0.660942673028113,
        "pos_mean": 0.6345325761093995,
        "liwc_mean": 0.6044937885873346
    },
    "2": {
        "utter_diff": 0.617336799447803,
        "pos_adj": 0.5041129738210571,
        "pos_adv": 0.5523957963248464,
        "pos_intj": 0.6554665704279664,
        "pos_noun": 0.42879236397677617,
        "pos_propn": 0.7212022430099512,
        "pos_verb": 0.42363600802873147,
        "pos_adp": 0.4856237048970232,
        "pos_aux": 0.4988374820998446,
        "pos_cconj": 0.7614326502311272,
        "pos_det": 0.437813020113943,
        "pos_num": 0.9032308259799384,
        "pos_part": 0.48065846359146275,
        "pos_pron": 0.5555812243852565,
        "pos_sconj": 0.7730278856907843,
        "pos_punct": 0.7443997803629515,
        "liwc_ppron": 0.526694087786669,
        "liwc_ipron": 0.49011237263698637,
        "liwc_article": 0.5097345140632631,
        "liwc_conj": 0.6300400269530183,
        "liwc_prep": 0.4343918837335108,
        "liwc_auxvb": 0.47287674507172067,
        "liwc_adverb": 0.5261830988773151,
        "liwc_negate": 0.6164526040637659,
        "liwc_quant": 0.7540898270890778,
        "propn": 0.021,
        "novel_tok": 0.7055730894252566,
        "pos_mean": 0.5950807328627773,
        "liwc_mean": 0.5511750178083696
    },
    "3": {
        "utter_diff": 0.7072257223720503,
        "pos_adj": 0.5702903309199675,
        "pos_adv": 0.612914703940471,
        "pos_intj": 0.7310041938891407,
        "pos_noun": 0.5323069675623556,
        "pos_propn": 0.7626951563339559,
        "pos_verb": 0.516782994459554,
        "pos_adp": 0.6121737649371027,
        "pos_aux": 0.5623005744702146,
        "pos_cconj": 0.8023737501541351,
        "pos_det": 0.5440243678131688,
        "pos_num": 0.9248798395196068,
        "pos_part": 0.5419496570535306,
        "pos_pron": 0.6216229188763954,
        "pos_sconj": 0.813345588527249,
        "pos_punct": 0.7821740421608873,
        "liwc_ppron": 0.5758086204236136,
        "liwc_ipron": 0.5622829421995759,
        "liwc_article": 0.6236083108750604,
        "liwc_conj": 0.6940431119723716,
        "liwc_prep": 0.5692716848246077,
        "liwc_auxvb": 0.5358358472597283,
        "liwc_adverb": 0.6115285172821402,
        "liwc_negate": 0.6456207518798076,
        "liwc_quant": 0.8048593764190339,
        "propn": 0.056,
        "novel_tok": 0.5902434144797479,
        "pos_mean": 0.6620559233745156,
        "liwc_mean": 0.6247621292373267
    },
    "4": {
        "utter_diff": 0.6200923477943642,
        "pos_adj": 0.5377070238341564,
        "pos_adv": 0.5642281894220861,
        "pos_intj": 0.6559925762663241,
        "pos_noun": 0.46701684036991453,
        "pos_propn": 0.7395471124980522,
        "pos_verb": 0.48257955299335903,
        "pos_adp": 0.5236111888217456,
        "pos_aux": 0.509211992324114,
        "pos_cconj": 0.7361701420779905,
        "pos_det": 0.4944895467055693,
        "pos_num": 0.905681453990693,
        "pos_part": 0.5173037727005169,
        "pos_pron": 0.5980803069841171,
        "pos_sconj": 0.7616498022015573,
        "pos_punct": 0.7532563716556134,
        "liwc_ppron": 0.5477400953306769,
        "liwc_ipron": 0.5007656272333353,
        "liwc_article": 0.5473776635913541,
        "liwc_conj": 0.6011864011011607,
        "liwc_prep": 0.48357934337876507,
        "liwc_auxvb": 0.4835953887945579,
        "liwc_adverb": 0.5507318185986423,
        "liwc_negate": 0.6041623083750991,
        "liwc_quant": 0.7773180683575212,
        "propn": 0.038,
        "novel_tok": 0.6510511083878355,
        "pos_mean": 0.6164350581897207,
        "liwc_mean": 0.5662729683067903
    }
}