{
    "0": {
        "utter_diff": 0.6544955191664182,
        "pos_adj": 0.4241052001890451,
        "pos_adv": 0.5182287634073107,
        "pos_intj": 0.7273153391204705,
        "pos_noun": 0.4680333889818207,
        "pos_propn": 0.6433645215150927,
        "pos_verb": 0.4651904697505326,
        "pos_adp": 0.4990925010285833,
        "pos_aux": 0.5158524955576521,
        "pos_cconj": 0.757502582294068,
        "pos_det": 0.44859314326709926,
        "pos_num": 0.9099921363589524,
        "pos_part": 0.48150724909984993,
        "pos_pron": 0.5799663245894521,
        "pos_sconj": 0.7601940985597808,
        "pos_punct": 0.7729853931930448,
        "liwc_ppron": 0.5037416396992799,
        "liwc_ipron": 0.4613966884890931,
        "liwc_article": 0.46383111418296885,
        "liwc_conj": 0.6277271649067536,
        "liwc_prep": 0.4501241819708699,
        "liwc_auxvb": 0.4316257559349422,
        "liwc_adverb": 0.5107229434888774,
        "liwc_negate": 0.7443219739158407,
        "liwc_quant": 0.7402628637861167,
        "propn": 0.009,
        "novel_tok": 0.743158002070017,
        "pos_mean": 0.5981282404608503,
        "liwc_mean": 0.5481949251527491
    },
    "1": {
        "utter_diff": 0.6780465605567074,
        "pos_adj": 0.4359034787971652,
        "pos_adv": 0.5667946024214888,
        "pos_intj": 0.7034890240450367,
        "pos_noun": 0.502604441190408,
        "pos_propn": 0.7177078802409652,
        "pos_verb": 0.46691161966510436,
        "pos_adp": 0.5442906685065351,
        "pos_aux": 0.4961908449938077,
        "pos_cconj": 0.7819025551291692,
        "pos_det": 0.4384688697654476,
        "pos_num": 0.9184021602913818,
        "pos_part": 0.49925789377858293,
        "pos_pron": 0.5826708086521372,
        "pos_sconj": 0.8001547011817899,
        "pos_punct": 0.7717635441603864,
        "liwc_ppron": 0.4890130741483169,
        "liwc_ipron": 0.4812875327782369,
        "liwc_article": 0.4606545148885481,
        "liwc_conj": 0.6655817814518965,
        "liwc_prep": 0.5013005402982599,
        "liwc_auxvb": 0.4745242181952476,
        "liwc_adverb": 0.551857292022178,
        "liwc_negate": 0.7203520382796229,
        "liwc_quant": 0.764028253832645,
        "propn": 0.014,
        "novel_tok": 0.7109906057604862,
        "pos_mean": 0.615100872854627,
        "liwc_mean": 0.5676221384327724
    },
    "2": {
        "utter_diff": 0.6405085097274926,
        "pos_adj": 0.4208005226581743,
        "pos_adv": 0.5145291396125167,
        "pos_intj": 0.708736345765138,
        "pos_noun": 0.4387446245189424,
        "pos_propn": 0.7024451353044375,
        "pos_verb": 0.4264478503031033,
        "pos_adp": 0.47784282421968577,
        "pos_aux": 0.5021366211802785,
        "pos_cconj": 0.7355223914133013,
        "pos_det": 0.4110775003775954,
        "pos_num": 0.9037593933977879,
        "pos_part": 0.46853675553435564,
        "pos_pron": 0.5632866608835574,
        "pos_sconj": 0.7647331831863159,
        "pos_punct": 0.7604589877369715,
        "liwc_ppron": 0.47612190986540176,
        "liwc_ipron": 0.4319927671354705,
        "liwc_article": 0.4270626905552199,
        "liwc_conj": 0.6097814094186466,
        "liwc_prep": 0.42558245717631393,
        "liwc_auxvb": 0.43302236193987864,
        "liwc_adverb": 0.4983961902725403,
        "liwc_negate": 0.7119703193594442,
        "liwc_quant": 0.7151091478300937,
        "propn": 0.007,
        "novel_tok": 0.7362242060200372,
        "pos_mean": 0.5866038624061441,
        "liwc_mean": 0.5254488059503345
    },
    "3": {
        "utter_diff": 0.7184022176227395,
        "pos_adj": 0.45980932434299715,
        "pos_adv": 0.5715248067727405,
        "pos_intj": 0.7002865058669849,
        "pos_noun": 0.5085631194323234,
        "pos_propn": 0.7405364416173619,
        "pos_verb": 0.49001921917333086,
        "pos_adp": 0.5518635861985471,
        "pos_aux": 0.5144419543396466,
        "pos_cconj": 0.7664349749750354,
        "pos_det": 0.4982801956497738,
        "pos_num": 0.9196758226854914,
        "pos_part": 0.5072384846551483,
        "pos_pron": 0.5974646789713133,
        "pos_sconj": 0.7926330720005247,
        "pos_punct": 0.7782227941716496,
        "liwc_ppron": 0.5063265323924179,
        "liwc_ipron": 0.49461875315990556,
        "liwc_article": 0.5002615074667265,
        "liwc_conj": 0.659808882971422,
        "liwc_prep": 0.5273227595824378,
        "liwc_auxvb": 0.49566593057079483,
        "liwc_adverb": 0.5655933469039021,
        "liwc_negate": 0.6971546960550548,
        "liwc_quant": 0.7581513114893845,
        "propn": 0.017,
        "novel_tok": 0.6960023122318229,
        "pos_mean": 0.6264663320568578,
        "liwc_mean": 0.5783226356213383
    },
    "4": {
        "utter_diff": 0.6390268740063381,
        "pos_adj": 0.4368963351842206,
        "pos_adv": 0.4914003414066543,
        "pos_intj": 0.7065093288489936,
        "pos_noun": 0.46813937910134995,
        "pos_propn": 0.7632647649561661,
        "pos_verb": 0.48752339699632485,
        "pos_adp": 0.48985587748680554,
        "pos_aux": 0.4915925057343407,
        "pos_cconj": 0.724713172425794,
        "pos_det": 0.46336928673381006,
        "pos_num": 0.916549999558148,
        "pos_part": 0.497116318824648,
        "pos_pron": 0.5868220169826359,
        "pos_sconj": 0.7478949017429634,
        "pos_punct": 0.7584343208589716,
        "liwc_ppron": 0.5252703033391468,
        "liwc_ipron": 0.46236001975645485,
        "liwc_article": 0.4683461699859673,
        "liwc_conj": 0.5872298177609003,
        "liwc_prep": 0.4546234556832831,
        "liwc_auxvb": 0.4728803019937719,
        "liwc_adverb": 0.4903079598748361,
        "liwc_negate": 0.7137066434228525,
        "liwc_quant": 0.7279226127915867,
        "propn": 0.064,
        "novel_tok": 0.7088208560693752,
        "pos_mean": 0.6020054631227884,
        "liwc_mean": 0.5447385871787556
    }
}