{
    "0": {
        "utter_diff": 0.4354916073452043,
        "pos_adj": 0.605333009425782,
        "pos_adv": 0.4149553555963773,
        "pos_intj": 0.377715675561894,
        "pos_noun": 0.7714012752543101,
        "pos_propn": 0.3074030065913756,
        "pos_verb": 0.6543052117447428,
        "pos_adp": 0.6300186718951913,
        "pos_aux": 0.6590569505399987,
        "pos_cconj": 0.438481810379653,
        "pos_det": 0.7256469813376811,
        "pos_num": 0.38823275846871746,
        "pos_part": 0.3635669445549378,
        "pos_pron": 0.5855366179914854,
        "pos_sconj": 0.3674693607718338,
        "pos_punct": 0.8154571974394043,
        "liwc_ppron": 0.46078709211510427,
        "liwc_ipron": 0.48710194141220775,
        "liwc_article": 0.6813368158542831,
        "liwc_conj": 0.48127599615114797,
        "liwc_prep": 0.6902712664855792,
        "liwc_auxvb": 0.5839489728513078,
        "liwc_adverb": 0.4575617826564312,
        "liwc_negate": 0.6555184393145097,
        "liwc_quant": 0.32864664638160085,
        "propn": 0.423,
        "novel_tok": 0.5090249690919221,
        "pos_mean": 0.5403053885035589,
        "liwc_mean": 0.5362721059135747
    },
    "1": {
        "utter_diff": 0.430738204191959,
        "pos_adj": 0.3854474305094174,
        "pos_adv": 0.39659974591742114,
        "pos_intj": 0.3747958276439175,
        "pos_noun": 0.49767100257190866,
        "pos_propn": 0.46147571480471056,
        "pos_verb": 0.4784083803852318,
        "pos_adp": 0.43858099392119076,
        "pos_aux": 0.43970798979758186,
        "pos_cconj": 0.40831730476250766,
        "pos_det": 0.35820398670168374,
        "pos_num": 0.6869044320956644,
        "pos_part": 0.43515163810445784,
        "pos_pron": 0.5221377909902083,
        "pos_sconj": 0.5461659175891679,
        "pos_punct": 0.7070341727377635,
        "liwc_ppron": 0.44048883771675595,
        "liwc_ipron": 0.3714086234431033,
        "liwc_article": 0.33662490215908547,
        "liwc_conj": 0.39470237376233774,
        "liwc_prep": 0.483965765776158,
        "liwc_auxvb": 0.4379156744281609,
        "liwc_adverb": 0.40466867337228046,
        "liwc_negate": 0.717273985681438,
        "liwc_quant": 0.479440964358538,
        "propn": 0.156,
        "novel_tok": 0.654595200909811,
        "pos_mean": 0.4757734885688555,
        "liwc_mean": 0.45183220007753977
    },
    "2": {
        "utter_diff": 0.6861870684118502,
        "pos_adj": 0.45885691744020446,
        "pos_adv": 0.41525717669339346,
        "pos_intj": 0.4187891968322105,
        "pos_noun": 0.6839697573758546,
        "pos_propn": 0.46401751535608055,
        "pos_verb": 0.6031182736690288,
        "pos_adp": 0.5648275024244388,
        "pos_aux": 0.6793783387063346,
        "pos_cconj": 0.41608262116176503,
        "pos_det": 0.6424252971121472,
        "pos_num": 0.6752760873959754,
        "pos_part": 0.44484611883649205,
        "pos_pron": 0.5628226851538486,
        "pos_sconj": 0.4616239722068632,
        "pos_punct": 0.7859628934204643,
        "liwc_ppron": 0.4806837115835667,
        "liwc_ipron": 0.5178250984934237,
        "liwc_article": 0.5420066754608751,
        "liwc_conj": 0.4225083743205817,
        "liwc_prep": 0.6148444701684347,
        "liwc_auxvb": 0.557254180358358,
        "liwc_adverb": 0.4400813442612311,
        "liwc_negate": 0.7583132779796622,
        "liwc_quant": 0.4649946763814881,
        "propn": 0.194,
        "novel_tok": 0.6611997370101961,
        "pos_mean": 0.5518169569190067,
        "liwc_mean": 0.5331679787786245
    },
    "3": {
        "utter_diff": 0.4688006898874459,
        "pos_adj": 0.5852883596183712,
        "pos_adv": 0.4396050603055423,
        "pos_intj": 0.35384440977017373,
        "pos_noun": 0.7335223228033766,
        "pos_propn": 0.46806509550895364,
        "pos_verb": 0.6195571393195579,
        "pos_adp": 0.6207346562795958,
        "pos_aux": 0.7086609580174277,
        "pos_cconj": 0.457542581975326,
        "pos_det": 0.6958123170501888,
        "pos_num": 0.48223166499622644,
        "pos_part": 0.37627701705554495,
        "pos_pron": 0.6053515824407467,
        "pos_sconj": 0.37814044956406173,
        "pos_punct": 0.7909193365164585,
        "liwc_ppron": 0.4749996284272717,
        "liwc_ipron": 0.5459756822009127,
        "liwc_article": 0.637744132483042,
        "liwc_conj": 0.48316973087531095,
        "liwc_prep": 0.6675924351676568,
        "liwc_auxvb": 0.5981129847286498,
        "liwc_adverb": 0.4764560027114652,
        "liwc_negate": 0.5401741340049337,
        "liwc_quant": 0.3719623663824326,
        "propn": 0.326,
        "novel_tok": 0.5080383470888615,
        "pos_mean": 0.5543701967481035,
        "liwc_mean": 0.5329096774424085
    },
    "4": {
        "utter_diff": 0.6653355862089974,
        "pos_adj": 0.48076425957440777,
        "pos_adv": 0.4441273869697843,
        "pos_intj": 0.40044481499985657,
        "pos_noun": 0.6882613476930755,
        "pos_propn": 0.5466320137000356,
        "pos_verb": 0.6055510891728836,
        "pos_adp": 0.5470373689684827,
        "pos_aux": 0.666131802470515,
        "pos_cconj": 0.42129604956646904,
        "pos_det": 0.6425950674965069,
        "pos_num": 0.7200985279876432,
        "pos_part": 0.4842863699637716,
        "pos_pron": 0.5393847080069825,
        "pos_sconj": 0.47373047091994996,
        "pos_punct": 0.779762418140302,
        "liwc_ppron": 0.4974484234933939,
        "liwc_ipron": 0.5314305476484922,
        "liwc_article": 0.5278121218913638,
        "liwc_conj": 0.4441709168363185,
        "liwc_prep": 0.5875950617168626,
        "liwc_auxvb": 0.5483238111277008,
        "liwc_adverb": 0.45958019527464067,
        "liwc_negate": 0.762325845750348,
        "liwc_quant": 0.45713998889439794,
        "propn": 0.324,
        "novel_tok": 0.6053833445315363,
        "pos_mean": 0.5626735797087111,
        "liwc_mean": 0.535091879181502
    }
}