{
    "0": {
        "utter_diff": 0.42475672332119546,
        "pos_adj": 0.605678209649649,
        "pos_adv": 0.5106499476656502,
        "pos_intj": 0.48434705566971425,
        "pos_noun": 0.7800970718943587,
        "pos_propn": 0.2940704459320931,
        "pos_verb": 0.6649450101912653,
        "pos_adp": 0.6144342347471687,
        "pos_aux": 0.6522404851288393,
        "pos_cconj": 0.4184170183372286,
        "pos_det": 0.7287992127134284,
        "pos_num": 0.39212440679855093,
        "pos_part": 0.32282377701035714,
        "pos_pron": 0.6336085263573408,
        "pos_sconj": 0.3620576540359876,
        "pos_punct": 0.7945959189087513,
        "liwc_ppron": 0.4294347623406334,
        "liwc_ipron": 0.4980433827978494,
        "liwc_article": 0.6894479547591286,
        "liwc_conj": 0.49498396447474585,
        "liwc_prep": 0.6528394488101302,
        "liwc_auxvb": 0.5616872045767357,
        "liwc_adverb": 0.49420758807534165,
        "liwc_negate": 0.6811268177638347,
        "liwc_quant": 0.30595743509009254,
        "propn": 0.363,
        "novel_tok": 0.5581729344024406,
        "pos_mean": 0.5505925983360256,
        "liwc_mean": 0.534192062076499
    },
    "1": {
        "utter_diff": 0.4279635245389512,
        "pos_adj": 0.38705636281307165,
        "pos_adv": 0.3676206451765343,
        "pos_intj": 0.49816458911915723,
        "pos_noun": 0.5004076290182168,
        "pos_propn": 0.4651254012854819,
        "pos_verb": 0.4621076635196305,
        "pos_adp": 0.41413200193566085,
        "pos_aux": 0.4387050028142754,
        "pos_cconj": 0.4334971096122722,
        "pos_det": 0.36083942244861256,
        "pos_num": 0.6787197601717971,
        "pos_part": 0.4166255910055291,
        "pos_pron": 0.507231526105253,
        "pos_sconj": 0.5695408489258885,
        "pos_punct": 0.7298389069705008,
        "liwc_ppron": 0.3947568296155671,
        "liwc_ipron": 0.35339716412313743,
        "liwc_article": 0.3511684635332847,
        "liwc_conj": 0.417551845527095,
        "liwc_prep": 0.4516763474673863,
        "liwc_auxvb": 0.46091548353273953,
        "liwc_adverb": 0.3972652797679397,
        "liwc_negate": 0.7434269722954472,
        "liwc_quant": 0.49920348005396786,
        "propn": 0.126,
        "novel_tok": 0.688357774349209,
        "pos_mean": 0.48197416406145877,
        "liwc_mean": 0.45215131843517387
    },
    "2": {
        "utter_diff": 0.6939889727843933,
        "pos_adj": 0.45942914303331883,
        "pos_adv": 0.4792030849212194,
        "pos_intj": 0.5929821874569341,
        "pos_noun": 0.6982439292923618,
        "pos_propn": 0.42775728547916025,
        "pos_verb": 0.6063809203377044,
        "pos_adp": 0.5459069494662525,
        "pos_aux": 0.6438192601101739,
        "pos_cconj": 0.44434061455784,
        "pos_det": 0.637087796159572,
        "pos_num": 0.6800336755853471,
        "pos_part": 0.453105562936306,
        "pos_pron": 0.5948244333324794,
        "pos_sconj": 0.4804219445410443,
        "pos_punct": 0.7746364891635702,
        "liwc_ppron": 0.436683512413875,
        "liwc_ipron": 0.5318947213346303,
        "liwc_article": 0.5378511331456867,
        "liwc_conj": 0.4440134731493,
        "liwc_prep": 0.5931116559920405,
        "liwc_auxvb": 0.5269884029680313,
        "liwc_adverb": 0.49288060909298775,
        "liwc_negate": 0.8043022886949827,
        "liwc_quant": 0.4629550390347879,
        "propn": 0.115,
        "novel_tok": 0.6959520111495248,
        "pos_mean": 0.5678782184248856,
        "liwc_mean": 0.5367423150918136
    },
    "3": {
        "utter_diff": 0.45694918124353373,
        "pos_adj": 0.5894840064144772,
        "pos_adv": 0.5577444103858629,
        "pos_intj": 0.37125690177257314,
        "pos_noun": 0.7380900408166018,
        "pos_propn": 0.41164396575084555,
        "pos_verb": 0.6318335042662837,
        "pos_adp": 0.586044320946664,
        "pos_aux": 0.6699942318455856,
        "pos_cconj": 0.424717924999698,
        "pos_det": 0.6864575104049637,
        "pos_num": 0.47083601476008397,
        "pos_part": 0.35937335742552345,
        "pos_pron": 0.6337041273574303,
        "pos_sconj": 0.3262217898741448,
        "pos_punct": 0.7775695065110053,
        "liwc_ppron": 0.4489100009300192,
        "liwc_ipron": 0.5584368066646854,
        "liwc_article": 0.6224209298934454,
        "liwc_conj": 0.48010229585121805,
        "liwc_prep": 0.623975619362484,
        "liwc_auxvb": 0.5548852546914982,
        "liwc_adverb": 0.5421264404810615,
        "liwc_negate": 0.5732605369645954,
        "liwc_quant": 0.32530986645276533,
        "propn": 0.225,
        "novel_tok": 0.5674479256178473,
        "pos_mean": 0.548998107568783,
        "liwc_mean": 0.5254919723657525
    },
    "4": {
        "utter_diff": 0.6660526403960566,
        "pos_adj": 0.46590647391943535,
        "pos_adv": 0.46666270968848067,
        "pos_intj": 0.5548379136592093,
        "pos_noun": 0.6852241386124449,
        "pos_propn": 0.5192140313319434,
        "pos_verb": 0.58006812260635,
        "pos_adp": 0.5144914958876655,
        "pos_aux": 0.6279421887656191,
        "pos_cconj": 0.4270876800417085,
        "pos_det": 0.6313672330330576,
        "pos_num": 0.708040267437978,
        "pos_part": 0.4702702297702363,
        "pos_pron": 0.5782286513529646,
        "pos_sconj": 0.453542374659138,
        "pos_punct": 0.7694699395484623,
        "liwc_ppron": 0.4790983915934092,
        "liwc_ipron": 0.5389365700288354,
        "liwc_article": 0.5234025131801798,
        "liwc_conj": 0.4482974132926296,
        "liwc_prep": 0.5434369686619239,
        "liwc_auxvb": 0.516032146482826,
        "liwc_adverb": 0.48406802826660283,
        "liwc_negate": 0.7883455004675018,
        "liwc_quant": 0.45657125720657693,
        "propn": 0.227,
        "novel_tok": 0.6697742324365779,
        "pos_mean": 0.5634902300209796,
        "liwc_mean": 0.5309098654644985
    }
}