{
    "0": {
        "utter_diff": 0.40239245300695387,
        "pos_adj": 0.4899550157145959,
        "pos_adv": 0.33769775664070933,
        "pos_intj": 0.3418224783777988,
        "pos_noun": 0.666724647982845,
        "pos_propn": 0.2143769501840276,
        "pos_verb": 0.5805838731555593,
        "pos_adp": 0.5063790399436445,
        "pos_aux": 0.5790350794323298,
        "pos_cconj": 0.31140712594074926,
        "pos_det": 0.6516077993263777,
        "pos_num": 0.37959494463893334,
        "pos_part": 0.3199437932544984,
        "pos_pron": 0.5740989830342244,
        "pos_sconj": 0.34213188320111526,
        "pos_punct": 0.795859394101538,
        "liwc_ppron": 0.4467761759272351,
        "liwc_ipron": 0.41623923317153744,
        "liwc_article": 0.5960109297386582,
        "liwc_conj": 0.3477094676585367,
        "liwc_prep": 0.5867785624705325,
        "liwc_auxvb": 0.4946485727276194,
        "liwc_adverb": 0.4258548864474237,
        "liwc_negate": 0.6274578543001035,
        "liwc_quant": 0.27767845224866977,
        "propn": 0.254,
        "novel_tok": 0.44405162922015384,
        "pos_mean": 0.47274791766192975,
        "liwc_mean": 0.4687949038544796
    },
    "1": {
        "utter_diff": 0.43262333523196744,
        "pos_adj": 0.39939480483030476,
        "pos_adv": 0.4136462494066519,
        "pos_intj": 0.35121803649968414,
        "pos_noun": 0.4575932277988488,
        "pos_propn": 0.4955130569544242,
        "pos_verb": 0.45838596765169753,
        "pos_adp": 0.426188737986157,
        "pos_aux": 0.43258577256376407,
        "pos_cconj": 0.4851475604164698,
        "pos_det": 0.37940762865457744,
        "pos_num": 0.7053218790962604,
        "pos_part": 0.4385496003850886,
        "pos_pron": 0.5413965215994136,
        "pos_sconj": 0.528307809192225,
        "pos_punct": 0.698692339673328,
        "liwc_ppron": 0.4511042605462112,
        "liwc_ipron": 0.37743870307777566,
        "liwc_article": 0.3743760007206565,
        "liwc_conj": 0.4434774017518083,
        "liwc_prep": 0.4506383277194966,
        "liwc_auxvb": 0.4367880914831273,
        "liwc_adverb": 0.3873260489439462,
        "liwc_negate": 0.6903805052120895,
        "liwc_quant": 0.5211897627361965,
        "propn": 0.089,
        "novel_tok": 0.5595500643753167,
        "pos_mean": 0.4807566128472596,
        "liwc_mean": 0.45919101135458973
    },
    "2": {
        "utter_diff": 0.6484270765020242,
        "pos_adj": 0.43877594523621355,
        "pos_adv": 0.4068016470687805,
        "pos_intj": 0.36635823412077567,
        "pos_noun": 0.6235285726015523,
        "pos_propn": 0.4409061148058629,
        "pos_verb": 0.5533894781571371,
        "pos_adp": 0.4838911837134015,
        "pos_aux": 0.6313193648886106,
        "pos_cconj": 0.426356233116071,
        "pos_det": 0.5903434502883925,
        "pos_num": 0.7145136896672251,
        "pos_part": 0.40859777198061203,
        "pos_pron": 0.6104279189688225,
        "pos_sconj": 0.4639110522191871,
        "pos_punct": 0.7696346440812248,
        "liwc_ppron": 0.49575135766460465,
        "liwc_ipron": 0.49408667541394036,
        "liwc_article": 0.49720413508867817,
        "liwc_conj": 0.38148033588008734,
        "liwc_prep": 0.5573192834854441,
        "liwc_auxvb": 0.507096123359049,
        "liwc_adverb": 0.4474554353477895,
        "liwc_negate": 0.7340457853796291,
        "liwc_quant": 0.4977270523048271,
        "propn": 0.108,
        "novel_tok": 0.5830132986454267,
        "pos_mean": 0.5285836867275912,
        "liwc_mean": 0.5124629093248944
    },
    "3": {
        "utter_diff": 0.44019984501885717,
        "pos_adj": 0.4988453703809106,
        "pos_adv": 0.38649000265546446,
        "pos_intj": 0.40864563942679627,
        "pos_noun": 0.6634204060759984,
        "pos_propn": 0.42861505100600633,
        "pos_verb": 0.5764250370158513,
        "pos_adp": 0.5246881179909163,
        "pos_aux": 0.673961044298716,
        "pos_cconj": 0.3606051094860342,
        "pos_det": 0.6564453288755014,
        "pos_num": 0.489488430027768,
        "pos_part": 0.37571053355797907,
        "pos_pron": 0.6557935229640953,
        "pos_sconj": 0.36127474672320464,
        "pos_punct": 0.7840527494910293,
        "liwc_ppron": 0.5289742864080973,
        "liwc_ipron": 0.51134020565777,
        "liwc_article": 0.5857902827988869,
        "liwc_conj": 0.3823785054556628,
        "liwc_prep": 0.5835626244389446,
        "liwc_auxvb": 0.5456301724363264,
        "liwc_adverb": 0.500140958421759,
        "liwc_negate": 0.5485434177094222,
        "liwc_quant": 0.32830646867909874,
        "propn": 0.217,
        "novel_tok": 0.4017680852592751,
        "pos_mean": 0.5229640726650848,
        "liwc_mean": 0.5016296580006631
    },
    "4": {
        "utter_diff": 0.657509631273582,
        "pos_adj": 0.5172069637525412,
        "pos_adv": 0.44281356153412643,
        "pos_intj": 0.35802532070979143,
        "pos_noun": 0.6364452363723997,
        "pos_propn": 0.5456803229644571,
        "pos_verb": 0.568939942758124,
        "pos_adp": 0.520701503004163,
        "pos_aux": 0.656955074641875,
        "pos_cconj": 0.42793864057292424,
        "pos_det": 0.6063253234370581,
        "pos_num": 0.7391702772514274,
        "pos_part": 0.4908402377361344,
        "pos_pron": 0.6092010958984789,
        "pos_sconj": 0.48329364995039376,
        "pos_punct": 0.7630420406799439,
        "liwc_ppron": 0.5224086871181407,
        "liwc_ipron": 0.5264150916949855,
        "liwc_article": 0.5166705165670432,
        "liwc_conj": 0.40275162455421065,
        "liwc_prep": 0.5441787325219702,
        "liwc_auxvb": 0.5498615098326682,
        "liwc_adverb": 0.5036817815305046,
        "liwc_negate": 0.7269045122099523,
        "liwc_quant": 0.5177484468854708,
        "propn": 0.203,
        "novel_tok": 0.5225682973793576,
        "pos_mean": 0.557771946084256,
        "liwc_mean": 0.5345134336572163
    }
}