{
    "0": {
        "utter_diff": 0.699082920103204,
        "pos_adj": 0.4388230713885413,
        "pos_adv": 0.4760572537766074,
        "pos_intj": 0.5766475126819439,
        "pos_noun": 0.5546337001905081,
        "pos_propn": 0.6293014873804598,
        "pos_verb": 0.5488657324833168,
        "pos_adp": 0.45877795295659785,
        "pos_aux": 0.6324410122727592,
        "pos_cconj": 0.6103299594374569,
        "pos_det": 0.45454896635145564,
        "pos_num": 0.8546796861304539,
        "pos_part": 0.5072458084498993,
        "pos_pron": 0.6731315270823498,
        "pos_sconj": 0.7374216469383708,
        "pos_punct": 0.7792870293085887,
        "liwc_ppron": 0.6090985917569507,
        "liwc_ipron": 0.44744595427751416,
        "liwc_article": 0.4304421685843699,
        "liwc_conj": 0.525591990411025,
        "liwc_prep": 0.4877870670772873,
        "liwc_auxvb": 0.5122855393403,
        "liwc_adverb": 0.4955679914747054,
        "liwc_negate": 0.8345450274289685,
        "liwc_quant": 0.6289980778403758,
        "propn": 0.018387553041018388,
        "novel_tok": 0.7544425682441176,
        "pos_mean": 0.5954794897886206,
        "liwc_mean": 0.5524180453546107
    },
    "1": {
        "utter_diff": 0.7208121613655577,
        "pos_adj": 0.4517500132316599,
        "pos_adv": 0.47968914992422074,
        "pos_intj": 0.5475026177936492,
        "pos_noun": 0.5603183043309528,
        "pos_propn": 0.7418241827645571,
        "pos_verb": 0.5380365840604813,
        "pos_adp": 0.4634132195834719,
        "pos_aux": 0.5903217500363712,
        "pos_cconj": 0.6021077427620898,
        "pos_det": 0.49158059656349756,
        "pos_num": 0.8108157906420977,
        "pos_part": 0.4862617046353439,
        "pos_pron": 0.6542924115988905,
        "pos_sconj": 0.7592728436405585,
        "pos_punct": 0.7832816940924755,
        "liwc_ppron": 0.5919118567425261,
        "liwc_ipron": 0.4767192602087742,
        "liwc_article": 0.4485042340594519,
        "liwc_conj": 0.5276610075922182,
        "liwc_prep": 0.508584934403343,
        "liwc_auxvb": 0.5004415396255217,
        "liwc_adverb": 0.48533991646531804,
        "liwc_negate": 0.7916364105322946,
        "liwc_quant": 0.6365859126437529,
        "propn": 0.03253182461103253,
        "novel_tok": 0.7059810601700353,
        "pos_mean": 0.5973645737106879,
        "liwc_mean": 0.5519316746970222
    },
    "2": {
        "utter_diff": 0.6984853152291518,
        "pos_adj": 0.4535596499642998,
        "pos_adv": 0.45019165700369396,
        "pos_intj": 0.560872390311902,
        "pos_noun": 0.5710185767585619,
        "pos_propn": 0.7890560036022956,
        "pos_verb": 0.5067664859423404,
        "pos_adp": 0.4518635069429717,
        "pos_aux": 0.5707620811722862,
        "pos_cconj": 0.5927637386130764,
        "pos_det": 0.47674378057603156,
        "pos_num": 0.8060705473991597,
        "pos_part": 0.5153102439707783,
        "pos_pron": 0.6386799779881646,
        "pos_sconj": 0.7162778371060193,
        "pos_punct": 0.7946834168618168,
        "liwc_ppron": 0.5715832262879038,
        "liwc_ipron": 0.4220004844234491,
        "liwc_article": 0.42900778867166617,
        "liwc_conj": 0.5086577573027316,
        "liwc_prep": 0.47708452237287197,
        "liwc_auxvb": 0.4810180642700108,
        "liwc_adverb": 0.4791513615855971,
        "liwc_negate": 0.8153844412120853,
        "liwc_quant": 0.5894064767749637,
        "propn": 0.02545968882602546,
        "novel_tok": 0.7509609192443388,
        "pos_mean": 0.5929746596142265,
        "liwc_mean": 0.5303660136556978
    },
    "3": {
        "utter_diff": 0.7315350953953649,
        "pos_adj": 0.47163358986092585,
        "pos_adv": 0.45954881129034114,
        "pos_intj": 0.5881476951255498,
        "pos_noun": 0.5878855561506448,
        "pos_propn": 0.7932553998660292,
        "pos_verb": 0.5465902433732666,
        "pos_adp": 0.49843815303897276,
        "pos_aux": 0.5999604302048702,
        "pos_cconj": 0.644346590183766,
        "pos_det": 0.5072638689848028,
        "pos_num": 0.7948144414786291,
        "pos_part": 0.54065854939352,
        "pos_pron": 0.6676386630772855,
        "pos_sconj": 0.7369933943233393,
        "pos_punct": 0.7988807772220073,
        "liwc_ppron": 0.5879450496757803,
        "liwc_ipron": 0.49486033805306107,
        "liwc_article": 0.4552333694059681,
        "liwc_conj": 0.5778763518996943,
        "liwc_prep": 0.5257414349821392,
        "liwc_auxvb": 0.5073927342880725,
        "liwc_adverb": 0.4493769532967347,
        "liwc_negate": 0.7683659985144923,
        "liwc_quant": 0.6156762608898068,
        "propn": 0.024045261669024046,
        "novel_tok": 0.6997197023075807,
        "pos_mean": 0.6157370775715968,
        "liwc_mean": 0.5536076101117499
    },
    "4": {
        "utter_diff": 0.7065942607322913,
        "pos_adj": 0.4900129206446976,
        "pos_adv": 0.4752507370464309,
        "pos_intj": 0.5732990875560965,
        "pos_noun": 0.5680900077615219,
        "pos_propn": 0.8098308185514548,
        "pos_verb": 0.5659976947753899,
        "pos_adp": 0.4645855889906611,
        "pos_aux": 0.5804021787655941,
        "pos_cconj": 0.5990446740559697,
        "pos_det": 0.514995531145652,
        "pos_num": 0.7937302405813222,
        "pos_part": 0.5241865413738155,
        "pos_pron": 0.6645001922511589,
        "pos_sconj": 0.7004843296581844,
        "pos_punct": 0.7997310610818561,
        "liwc_ppron": 0.6011642028554224,
        "liwc_ipron": 0.46958927859071203,
        "liwc_article": 0.4632014639798906,
        "liwc_conj": 0.5073632422656121,
        "liwc_prep": 0.487137857696554,
        "liwc_auxvb": 0.47588226428989316,
        "liwc_adverb": 0.4836346328914218,
        "liwc_negate": 0.7843697437072874,
        "liwc_quant": 0.611106474654994,
        "propn": 0.05799151343705799,
        "novel_tok": 0.7116168844263586,
        "pos_mean": 0.6082761069493203,
        "liwc_mean": 0.5426054623257541
    }
}