{
    "0": {
        "utter_diff": 0.44674782872358243,
        "pos_adj": 0.6038900398763589,
        "pos_adv": 0.3938330476954359,
        "pos_intj": 0.40908726903161646,
        "pos_noun": 0.7640474113320662,
        "pos_propn": 0.28641384743137394,
        "pos_verb": 0.6685970790040872,
        "pos_adp": 0.6236855635859315,
        "pos_aux": 0.6408852917789907,
        "pos_cconj": 0.44040261612634113,
        "pos_det": 0.7270534335947281,
        "pos_num": 0.3861076587383581,
        "pos_part": 0.36505132309185273,
        "pos_pron": 0.6081988712399337,
        "pos_sconj": 0.36444882022519043,
        "pos_punct": 0.829888081741128,
        "liwc_ppron": 0.4812212246120559,
        "liwc_ipron": 0.49719252989879087,
        "liwc_article": 0.6832610950997013,
        "liwc_conj": 0.4983653644680556,
        "liwc_prep": 0.6813843376144463,
        "liwc_auxvb": 0.5765658122522554,
        "liwc_adverb": 0.4379395701436242,
        "liwc_negate": 0.6368771635008214,
        "liwc_quant": 0.3301068766337119,
        "propn": 0.422,
        "novel_tok": 0.49544590140338857,
        "pos_mean": 0.5407726902995595,
        "liwc_mean": 0.5358793304692737
    },
    "1": {
        "utter_diff": 0.4250077308190558,
        "pos_adj": 0.40029078059509243,
        "pos_adv": 0.3848969212138492,
        "pos_intj": 0.45626209525895245,
        "pos_noun": 0.49943068002272645,
        "pos_propn": 0.47927712383485693,
        "pos_verb": 0.463998391973008,
        "pos_adp": 0.427629302223538,
        "pos_aux": 0.43458578755318383,
        "pos_cconj": 0.42516969121889675,
        "pos_det": 0.3546754951959132,
        "pos_num": 0.6729104521509097,
        "pos_part": 0.42056223330615694,
        "pos_pron": 0.5390035205754294,
        "pos_sconj": 0.5049888794496546,
        "pos_punct": 0.6978307713152632,
        "liwc_ppron": 0.43234978195039625,
        "liwc_ipron": 0.35619454175775295,
        "liwc_article": 0.3497181380707045,
        "liwc_conj": 0.40194456228728065,
        "liwc_prep": 0.47346333827580694,
        "liwc_auxvb": 0.45193357372363874,
        "liwc_adverb": 0.40259568258419903,
        "liwc_negate": 0.6970737641731551,
        "liwc_quant": 0.47556832068384414,
        "propn": 0.129,
        "novel_tok": 0.6359824864853572,
        "pos_mean": 0.47743414172582865,
        "liwc_mean": 0.4489824115007532
    },
    "2": {
        "utter_diff": 0.6901672297230361,
        "pos_adj": 0.460094738462481,
        "pos_adv": 0.4156294556888537,
        "pos_intj": 0.47637147791477485,
        "pos_noun": 0.6911331325876132,
        "pos_propn": 0.450917210080258,
        "pos_verb": 0.6107838097999857,
        "pos_adp": 0.5627975561909604,
        "pos_aux": 0.6833411773338368,
        "pos_cconj": 0.4387939241763701,
        "pos_det": 0.6314089434234752,
        "pos_num": 0.6838995628221765,
        "pos_part": 0.4372987871736172,
        "pos_pron": 0.6039193316111567,
        "pos_sconj": 0.4513843034405651,
        "pos_punct": 0.7974033135968872,
        "liwc_ppron": 0.5025016527793563,
        "liwc_ipron": 0.5334643504362764,
        "liwc_article": 0.5207259439748511,
        "liwc_conj": 0.4485394396522812,
        "liwc_prep": 0.6166456289731469,
        "liwc_auxvb": 0.5606751175818092,
        "liwc_adverb": 0.44314546693665385,
        "liwc_negate": 0.7434569801331062,
        "liwc_quant": 0.46629189776600855,
        "propn": 0.199,
        "novel_tok": 0.6374915167006114,
        "pos_mean": 0.5596784482868675,
        "liwc_mean": 0.5372718309148321
    },
    "3": {
        "utter_diff": 0.47787246835838276,
        "pos_adj": 0.580277159776188,
        "pos_adv": 0.3978140029557792,
        "pos_intj": 0.39383053675185653,
        "pos_noun": 0.7267255714289562,
        "pos_propn": 0.45275902014816694,
        "pos_verb": 0.6389045510223353,
        "pos_adp": 0.6137829620730682,
        "pos_aux": 0.7004750957822127,
        "pos_cconj": 0.45781901964216604,
        "pos_det": 0.6893835234822282,
        "pos_num": 0.4776908828121427,
        "pos_part": 0.40141620296995933,
        "pos_pron": 0.6384814949648766,
        "pos_sconj": 0.38045069833524514,
        "pos_punct": 0.7969042295616362,
        "liwc_ppron": 0.5118952219155852,
        "liwc_ipron": 0.5612434088723212,
        "liwc_article": 0.6260265224523727,
        "liwc_conj": 0.4782346498106256,
        "liwc_prep": 0.6608781979181263,
        "liwc_auxvb": 0.5975115033019767,
        "liwc_adverb": 0.4672254049001887,
        "liwc_negate": 0.5508478018884775,
        "liwc_quant": 0.3558331398620255,
        "propn": 0.301,
        "novel_tok": 0.4916821207330011,
        "pos_mean": 0.5564476634471212,
        "liwc_mean": 0.5344106501024111
    },
    "4": {
        "utter_diff": 0.6739695951729827,
        "pos_adj": 0.49291162135730093,
        "pos_adv": 0.42971296518560403,
        "pos_intj": 0.4809971972823774,
        "pos_noun": 0.6883119507277395,
        "pos_propn": 0.5492841857902203,
        "pos_verb": 0.5996679857909932,
        "pos_adp": 0.5421507486144806,
        "pos_aux": 0.6692915972178143,
        "pos_cconj": 0.41093664516756356,
        "pos_det": 0.633543345553625,
        "pos_num": 0.719785615646965,
        "pos_part": 0.503764405038951,
        "pos_pron": 0.5927153563624665,
        "pos_sconj": 0.46174797085892155,
        "pos_punct": 0.7811556318931762,
        "liwc_ppron": 0.5381132310838548,
        "liwc_ipron": 0.531653627025898,
        "liwc_article": 0.5146140990314637,
        "liwc_conj": 0.4452104134244715,
        "liwc_prep": 0.583952420302062,
        "liwc_auxvb": 0.5655193220808428,
        "liwc_adverb": 0.44602090508840164,
        "liwc_negate": 0.7612880960619348,
        "liwc_quant": 0.49919282234132906,
        "propn": 0.328,
        "novel_tok": 0.5814400966804393,
        "pos_mean": 0.5703984814992134,
        "liwc_mean": 0.542840548493362
    }
}