{
    "0": {
        "utter_diff": 0.7277963880291205,
        "pos_adj": 0.47809944091616413,
        "pos_adv": 0.6491855272726481,
        "pos_intj": 0.5794289244507282,
        "pos_noun": 0.4374570586507201,
        "pos_propn": 0.6595959696899292,
        "pos_verb": 0.49193765824432045,
        "pos_adp": 0.4733616534880614,
        "pos_aux": 0.5345155556590698,
        "pos_cconj": 0.7789920762833566,
        "pos_det": 0.46707019859473226,
        "pos_num": 0.8782508604280158,
        "pos_part": 0.6248174294157922,
        "pos_pron": 0.6252448045900875,
        "pos_sconj": 0.7992068127498708,
        "pos_punct": 0.7703888151042465,
        "liwc_ppron": 0.574585796596794,
        "liwc_ipron": 0.4996282327678196,
        "liwc_article": 0.5486330951753503,
        "liwc_conj": 0.636023159199617,
        "liwc_prep": 0.46063114237570074,
        "liwc_auxvb": 0.4472703927036733,
        "liwc_adverb": 0.5817185840176377,
        "liwc_negate": 0.8826192776044606,
        "liwc_quant": 0.7677070989353626,
        "propn": 0.011315417256011316,
        "novel_tok": 0.747012685724505,
        "pos_mean": 0.6165035190358494,
        "liwc_mean": 0.599868531041824
    },
    "1": {
        "utter_diff": 0.7232564461652097,
        "pos_adj": 0.5212633876098014,
        "pos_adv": 0.5928202850600567,
        "pos_intj": 0.5806643346044288,
        "pos_noun": 0.4949968749910707,
        "pos_propn": 0.7531492055378287,
        "pos_verb": 0.5121311731239568,
        "pos_adp": 0.46500900634942777,
        "pos_aux": 0.5393462236154156,
        "pos_cconj": 0.7241852328607291,
        "pos_det": 0.5003347056844996,
        "pos_num": 0.8251056629360298,
        "pos_part": 0.6118972751630871,
        "pos_pron": 0.6160964918190269,
        "pos_sconj": 0.8024655158925497,
        "pos_punct": 0.7803564018938034,
        "liwc_ppron": 0.5621937953037669,
        "liwc_ipron": 0.539315460711025,
        "liwc_article": 0.5079475231443803,
        "liwc_conj": 0.631499497516866,
        "liwc_prep": 0.4662621028132178,
        "liwc_auxvb": 0.4748818841269325,
        "liwc_adverb": 0.5679269853430783,
        "liwc_negate": 0.8434271181221428,
        "liwc_quant": 0.7341303627202448,
        "propn": 0.02545968882602546,
        "novel_tok": 0.6647928741828654,
        "pos_mean": 0.6213214518094473,
        "liwc_mean": 0.5919538588668504
    },
    "2": {
        "utter_diff": 0.7010092015458709,
        "pos_adj": 0.5257255075312128,
        "pos_adv": 0.5535115014783082,
        "pos_intj": 0.5838785713694864,
        "pos_noun": 0.447513609952107,
        "pos_propn": 0.8142270876332653,
        "pos_verb": 0.4714404178379694,
        "pos_adp": 0.46704410804212215,
        "pos_aux": 0.5478125128422164,
        "pos_cconj": 0.719618488309315,
        "pos_det": 0.4749605559636987,
        "pos_num": 0.8252798169565174,
        "pos_part": 0.6147267794952904,
        "pos_pron": 0.6097912008357634,
        "pos_sconj": 0.7697051573742877,
        "pos_punct": 0.7699434035437174,
        "liwc_ppron": 0.5333636169369713,
        "liwc_ipron": 0.4590517803797135,
        "liwc_article": 0.4989893473701133,
        "liwc_conj": 0.57333847110611,
        "liwc_prep": 0.44667720913119424,
        "liwc_auxvb": 0.44542595503390614,
        "liwc_adverb": 0.5297793970918463,
        "liwc_negate": 0.8528479695554781,
        "liwc_quant": 0.6973357772790971,
        "propn": 0.016973125884016973,
        "novel_tok": 0.7434548649092314,
        "pos_mean": 0.6130119146110184,
        "liwc_mean": 0.5596455026538255
    },
    "3": {
        "utter_diff": 0.7216691575806515,
        "pos_adj": 0.5174014648348144,
        "pos_adv": 0.5085969670357416,
        "pos_intj": 0.6214144090091764,
        "pos_noun": 0.49017965848945577,
        "pos_propn": 0.8267907323828266,
        "pos_verb": 0.5026013471584075,
        "pos_adp": 0.5242505011544928,
        "pos_aux": 0.5673582690018589,
        "pos_cconj": 0.735282440174461,
        "pos_det": 0.49696900390006843,
        "pos_num": 0.8015504204268655,
        "pos_part": 0.6329767526959345,
        "pos_pron": 0.6329666316966108,
        "pos_sconj": 0.7843976793039352,
        "pos_punct": 0.7877519731653105,
        "liwc_ppron": 0.5465967658701952,
        "liwc_ipron": 0.5325857183728454,
        "liwc_article": 0.540415807361564,
        "liwc_conj": 0.6019521827852705,
        "liwc_prep": 0.5137896483680159,
        "liwc_auxvb": 0.5204224248414623,
        "liwc_adverb": 0.5385770226122357,
        "liwc_negate": 0.7986969069261272,
        "liwc_quant": 0.6919317958534134,
        "propn": 0.018387553041018388,
        "novel_tok": 0.639995873430206,
        "pos_mean": 0.6286992166953308,
        "liwc_mean": 0.5872186969990145
    },
    "4": {
        "utter_diff": 0.7001526687943442,
        "pos_adj": 0.5344646638536084,
        "pos_adv": 0.5066497062331651,
        "pos_intj": 0.5794489323540014,
        "pos_noun": 0.4585309138091203,
        "pos_propn": 0.8337106446566265,
        "pos_verb": 0.5177538990993777,
        "pos_adp": 0.5139840658599204,
        "pos_aux": 0.5340002002596971,
        "pos_cconj": 0.6940978470218786,
        "pos_det": 0.5114383732774733,
        "pos_num": 0.8092170589610936,
        "pos_part": 0.6250087793839689,
        "pos_pron": 0.6114545628224106,
        "pos_sconj": 0.7660729284821258,
        "pos_punct": 0.7751800848940952,
        "liwc_ppron": 0.5779393890137836,
        "liwc_ipron": 0.49179738191465583,
        "liwc_article": 0.5134042898009467,
        "liwc_conj": 0.5539080848622647,
        "liwc_prep": 0.4858744521477479,
        "liwc_auxvb": 0.4744517808900536,
        "liwc_adverb": 0.5084083866207001,
        "liwc_negate": 0.8322266122118073,
        "liwc_quant": 0.6796273273543785,
        "propn": 0.024045261669024046,
        "novel_tok": 0.6909914359560815,
        "pos_mean": 0.6180675107312376,
        "liwc_mean": 0.5686264116462598
    }
}